Plan;Código;Descripción;Tipo;Honorarios Especialista;Cantidad de ayudantes;Honorarios Ayudante/s;Honorarios Anestesista;Honorarios Instrumentadora;Gastos;Total;Vigencia
2 025,2 110;5 ;ACIDO BASE,ESTADO,EQUILIBRIO,PH ACTUAL,PC02,EXCESO DE BASE -RB- BASE BUFFER BICARBONATO-AS;Amb;$316.98;;;;;$1943.90;$2260.88;01/04/26
2 210,2 310,2 410,2 450,2 510,6 030,8 260,8 360,8 430;5 ;ACIDO BASE,ESTADO,EQUILIBRIO,PH ACTUAL,PC02,EXCESO DE BASE -RB- BASE BUFFER BICARBONATO-AS;Amb;$316.98;;;;;$1943.90;$2260.88;01/04/26
2 025,2 110;6 ;ACTH POR RADIOINMUNOENSAYO;Amb;$700.56;;;;;$6642.00;$7342.56;01/04/26
2 210,2 310,2 410,2 450,2 510,6 030,8 260,8 360,8 430;6 ;ACTH POR RADIOINMUNOENSAYO;Amb;$700.56;;;;;$6642.00;$7342.56;01/04/26
2 025,2 110;18 ;ALDOLASA;Amb;$237.74;;;;;$1594.00;$1831.73;01/04/26
2 210,2 310,2 410,2 450,2 510,6 030,8 260,8 360,8 430;18 ;ALDOLASA;Amb;$237.74;;;;;$1594.00;$1831.73;01/04/26
2 025,2 110;19 ;ALDOSTERONA PLASMATICA RADIOINMUNOENSAYO;Amb;$800.64;;;;;$8118.00;$8918.64;01/04/26
2 210,2 310,2 410,2 450,2 510,6 030,8 260,8 360,8 430;19 ;ALDOSTERONA PLASMATICA RADIOINMUNOENSAYO;Amb;$800.64;;;;;$8118.00;$8918.64;01/04/26
2 025,2 110;22 ;AMILASEMIA - WULGHEMOUTH -;Amb;$126.79;;;;;$583.17;$709.96;01/04/26
2 210,2 310,2 410,2 450,2 510,6 030,8 260,8 360,8 430;22 ;AMILASEMIA - WULGHEMOUTH -;Amb;$126.79;;;;;$583.17;$709.96;01/04/26
2 025,2 110;31 ;AMONEMIA;Amb;$274.72;;;;;$1555.12;$1829.84;01/04/26
2 210,2 310,2 410,2 450,2 510,6 030,8 260,8 360,8 430;31 ;AMONEMIA;Amb;$274.72;;;;;$1555.12;$1829.84;01/04/26
2 025,2 110;33 ;ANGIOTENSINA I O II RADIOINMUNOENSAYO -C/UNA-;Amb;$700.56;;;;;$7380.00;$8080.56;01/04/26
2 210,2 310,2 410,2 450,2 510,6 030,8 260,8 360,8 430;33 ;ANGIOTENSINA I O II RADIOINMUNOENSAYO -C/UNA-;Amb;$700.56;;;;;$7380.00;$8080.56;01/04/26
2 025,2 110;35 ;ANTIBIOGRAMA-ANTIBIOTICOS, PRUEBA DE SENSIBILIDAD A LOS BACTERIOLOGIA, ANTIBIOGRAMA-RE;Amb;;;;;;;$2202.02;01/04/26
2 210,2 310,2 410,2 450,2 510,6 030,8 260,8 360,8 430;35 ;ANTIBIOGRAMA-ANTIBIOTICOS, PRUEBA DE SENSIBILIDAD A LOS BACTERIOLOGIA, ANTIBIOGRAMA-RE;Amb;;;;;;;$2202.02;01/04/26
2 025,2 110;42 ;ANTICUERPOS ANTIMUSCULO LISO INMUNOFLUORESCENCIA (ASMA);Amb;;;;;;;$3801.73;01/04/26
2 025,2 110;42 ;ANTICUERPOS ANTIMUSCULO LISO INMUNOFLUORESCENCIA (ASMA);Int;$762.32;;;;;$2961.96;$3724.28;01/04/26
2 210,2 310,2 410,2 450,2 510,6 030,8 260,8 360,8 430;42 ;ANTICUERPOS ANTIMUSCULO LISO INMUNOFLUORESCENCIA (ASMA);Amb;;;;;;;$3801.73;01/04/26
2 210,2 310,2 410,2 450,2 510,6 030,8 260,8 360,8 430;42 ;ANTICUERPOS ANTIMUSCULO LISO INMUNOFLUORESCENCIA (ASMA);Int;$762.32;;;;;$2961.96;$3724.28;01/04/26
2 025,2 110;51 ;ANTIESTREPTOLISINAS *O*;Amb;$369.81;;;;;$1788.39;$2158.20;01/04/26
2 025,2 110;51 ;ANTIESTREPTOLISINAS *O*;Int;$468.09;;;;;$2270.84;$2738.93;01/04/26
2 210,2 310,2 410,2 450,2 510,6 030,8 260,8 360,8 430;51 ;ANTIESTREPTOLISINAS *O*;Amb;$369.81;;;;;$1788.39;$2158.20;01/04/26
2 210,2 310,2 410,2 450,2 510,6 030,8 260,8 360,8 430;51 ;ANTIESTREPTOLISINAS *O*;Int;$468.09;;;;;$2270.84;$2738.93;01/04/26
2 025,2 110;55 ;ANTIMITOCONDRIALES ANTICUERPOS INMUNOFLUORESCENCIA;Amb;;;;;;;$3801.73;01/04/26
2 025,2 110;55 ;ANTIMITOCONDRIALES ANTICUERPOS INMUNOFLUORESCENCIA;Int;$762.32;;;;;$2961.96;$3724.28;01/04/26
2 210,2 310,2 410,2 450,2 510,6 030,8 260,8 360,8 430;55 ;ANTIMITOCONDRIALES ANTICUERPOS INMUNOFLUORESCENCIA;Amb;;;;;;;$3801.73;01/04/26
2 210,2 310,2 410,2 450,2 510,6 030,8 260,8 360,8 430;55 ;ANTIMITOCONDRIALES ANTICUERPOS INMUNOFLUORESCENCIA;Int;$762.32;;;;;$2961.96;$3724.28;01/04/26
2 025,2 110;63 ;HIV (AG P24 - ANTICUERPOS) /  ELISA DE 4° GENERACION;Amb;$550.44;;;;;$7380.00;$7930.44;01/04/26
2 025,2 110;63 ;HIV (AG P24 - ANTICUERPOS) /  ELISA DE 4° GENERACION;Int;$735.57;;;;;$9873.20;$10608.77;01/04/26
2 210,2 310,2 410,2 450,2 510,6 030,8 260,8 360,8 430;63 ;HIV (AG P24 - ANTICUERPOS) /  ELISA DE 4° GENERACION;Amb;$550.44;;;;;$7380.00;$7930.44;01/04/26
2 210,2 310,2 410,2 450,2 510,6 030,8 260,8 360,8 430;63 ;HIV (AG P24 - ANTICUERPOS) /  ELISA DE 4° GENERACION;Int;$735.57;;;;;$9873.20;$10608.77;01/04/26
2 025,2 110;102 ;BACILOSCOPIA DIRECTA Y CULTIVO / ESPUTO PARA KOCH / HEMOCUL-TIVO PARA KOCH / ORINA PARA KO;Amb;$316.98;;;;;$1555.12;$1872.10;01/04/26
2 025,2 110;102 ;BACILOSCOPIA DIRECTA Y CULTIVO / ESPUTO PARA KOCH / HEMOCUL-TIVO PARA KOCH / ORINA PARA KO;Int;$401.22;;;;;$1974.64;$2375.86;01/04/26
2 210,2 310,2 410,2 450,2 510,6 030,8 260,8 360,8 430;102 ;BACILOSCOPIA DIRECTA Y CULTIVO / ESPUTO PARA KOCH / HEMOCUL-TIVO PARA KOCH / ORINA PARA KO;Amb;$316.98;;;;;$1555.12;$1872.10;01/04/26
2 210,2 310,2 410,2 450,2 510,6 030,8 260,8 360,8 430;102 ;BACILOSCOPIA DIRECTA Y CULTIVO / ESPUTO PARA KOCH / HEMOCUL-TIVO PARA KOCH / ORINA PARA KO;Int;$401.22;;;;;$1974.64;$2375.86;01/04/26
2 025,2 110;105 ;BACTERIOLOGIA DIRECTA Y CULTIVO CON IDENTIFICACION BIOQUIMICA DE GERMENES-BORDET-GERGO, BA;Amb;;;;;;;$3000.56;01/04/26
2 025,2 110;105 ;BACTERIOLOGIA DIRECTA Y CULTIVO CON IDENTIFICACION BIOQUIMICA DE GERMENES-BORDET-GERGO, BA;Int;$401.22;;;;;$2764.50;$3165.72;01/04/26
2 210,2 310,2 410,2 450,2 510,6 030,8 260,8 360,8 430;105 ;BACTERIOLOGIA DIRECTA Y CULTIVO CON IDENTIFICACION BIOQUIMICA DE GERMENES-BORDET-GERGO, BA;Amb;;;;;;;$3000.56;01/04/26
2 210,2 310,2 410,2 450,2 510,6 030,8 260,8 360,8 430;105 ;BACTERIOLOGIA DIRECTA Y CULTIVO CON IDENTIFICACION BIOQUIMICA DE GERMENES-BORDET-GERGO, BA;Int;$401.22;;;;;$2764.50;$3165.72;01/04/26
2 025,2 110;110 ;BILIRRUBINEMIA TOTAL DIRECTA E INDIRECTA;Amb;$105.66;;;;;$583.17;$688.83;01/04/26
2 025,2 110;110 ;BILIRRUBINEMIA TOTAL DIRECTA E INDIRECTA;Int;$133.74;;;;;$740.49;$874.23;01/04/26
2 210,2 310,2 410,2 450,2 510,6 030,8 260,8 360,8 430;110 ;BILIRRUBINEMIA TOTAL DIRECTA E INDIRECTA;Amb;$105.66;;;;;$583.17;$688.83;01/04/26
2 210,2 310,2 410,2 450,2 510,6 030,8 260,8 360,8 430;110 ;BILIRRUBINEMIA TOTAL DIRECTA E INDIRECTA;Int;$133.74;;;;;$740.49;$874.23;01/04/26
2 025,2 110;133 ;CALCEMIA TOTAL;Amb;$105.66;;;;;$583.17;$688.83;01/04/26
2 025,2 110;133 ;CALCEMIA TOTAL;Int;$133.74;;;;;$740.49;$874.23;01/04/26
2 210,2 310,2 410,2 450,2 510,6 030,8 260,8 360,8 430;133 ;CALCEMIA TOTAL;Amb;$105.66;;;;;$583.17;$688.83;01/04/26
2 210,2 310,2 410,2 450,2 510,6 030,8 260,8 360,8 430;133 ;CALCEMIA TOTAL;Int;$133.74;;;;;$740.49;$874.23;01/04/26
2 025,2 110;134 ;CALCIO IONICO;Amb;$126.79;;;;;$583.17;$709.96;01/04/26
2 025,2 110;134 ;CALCIO IONICO;Int;$160.49;;;;;$740.49;$900.98;01/04/26
2 210,2 310,2 410,2 450,2 510,6 030,8 260,8 360,8 430;134 ;CALCIO IONICO;Amb;$126.79;;;;;$583.17;$709.96;01/04/26
2 210,2 310,2 410,2 450,2 510,6 030,8 260,8 360,8 430;134 ;CALCIO IONICO;Int;$160.49;;;;;$740.49;$900.98;01/04/26
2 025,2 110;136 ;CALCIURIA;Amb;$105.66;;;;;$583.17;$688.83;01/04/26
2 025,2 110;136 ;CALCIURIA;Int;$133.74;;;;;$740.49;$874.23;01/04/26
2 210,2 310,2 410,2 450,2 510,6 030,8 260,8 360,8 430;136 ;CALCIURIA;Amb;$105.66;;;;;$583.17;$688.83;01/04/26
2 210,2 310,2 410,2 450,2 510,6 030,8 260,8 360,8 430;136 ;CALCIURIA;Int;$133.74;;;;;$740.49;$874.23;01/04/26
2 025,2 110;138 ;CALCULO URINARIO EXAMEN FISICO-QUIMICO;Amb;$396.23;;;;;$583.17;$979.40;01/04/26
2 025,2 110;138 ;CALCULO URINARIO EXAMEN FISICO-QUIMICO;Int;$501.53;;;;;$740.49;$1242.02;01/04/26
2 210,2 310,2 410,2 450,2 510,6 030,8 260,8 360,8 430;138 ;CALCULO URINARIO EXAMEN FISICO-QUIMICO;Amb;$396.23;;;;;$583.17;$979.40;01/04/26
2 210,2 310,2 410,2 450,2 510,6 030,8 260,8 360,8 430;138 ;CALCULO URINARIO EXAMEN FISICO-QUIMICO;Int;$501.53;;;;;$740.49;$1242.02;01/04/26
2 025,2 110;144 ;CEA -CARCINOEMBRIOGENICO- POR RADIOINMUNOENSAYO;Amb;;;;;;;$11627.06;01/04/26
2 025,2 110;144 ;CEA -CARCINOEMBRIOGENICO- POR RADIOINMUNOENSAYO;Int;;;;;;;$11627.06;01/04/26
2 210,2 310,2 410,2 450,2 510,6 030,8 260,8 360,8 430;144 ;CEA -CARCINOEMBRIOGENICO- POR RADIOINMUNOENSAYO;Amb;;;;;;;$11627.06;01/04/26
2 210,2 310,2 410,2 450,2 510,6 030,8 260,8 360,8 430;144 ;CEA -CARCINOEMBRIOGENICO- POR RADIOINMUNOENSAYO;Int;;;;;;;$11627.06;01/04/26
2 025,2 110;151 ;CERULOPLASMINA;Amb;$301.13;;;;;$2332.68;$2633.81;01/04/26
2 025,2 110;151 ;CERULOPLASMINA;Int;$381.16;;;;;$2961.96;$3343.12;01/04/26
2 210,2 310,2 410,2 450,2 510,6 030,8 260,8 360,8 430;151 ;CERULOPLASMINA;Amb;$301.13;;;;;$2332.68;$2633.81;01/04/26
2 210,2 310,2 410,2 450,2 510,6 030,8 260,8 360,8 430;151 ;CERULOPLASMINA;Int;$381.16;;;;;$2961.96;$3343.12;01/04/26
2 025,2 110;170 ;COAGULO RETRACCION DEL;Amb;$52.83;;;;;$388.78;$441.61;01/04/26
2 025,2 110;170 ;COAGULO RETRACCION DEL;Int;$66.87;;;;;$493.66;$560.53;01/04/26
2 210,2 310,2 410,2 450,2 510,6 030,8 260,8 360,8 430;170 ;COAGULO RETRACCION DEL;Amb;$52.83;;;;;$388.78;$441.61;01/04/26
2 210,2 310,2 410,2 450,2 510,6 030,8 260,8 360,8 430;170 ;COAGULO RETRACCION DEL;Int;$66.87;;;;;$493.66;$560.53;01/04/26
2 025,2 110;171 ;MOD.COAGULOGRAMA BASICO INCLUYE CONSUMO DE PROTOMBINA KPTT,RECUENTO PLAQUETAS,COAGULACION;Amb;$507.17;;;;;$971.95;$1479.12;01/04/26
2 025,2 110;171 ;MOD.COAGULOGRAMA BASICO INCLUYE CONSUMO DE PROTOMBINA KPTT,RECUENTO PLAQUETAS,COAGULACION;Int;$641.95;;;;;$1234.15;$1876.10;01/04/26
2 210,2 310,2 410,2 450,2 510,6 030,8 260,8 360,8 430;171 ;MOD.COAGULOGRAMA BASICO INCLUYE CONSUMO DE PROTOMBINA KPTT,RECUENTO PLAQUETAS,COAGULACION;Amb;$507.17;;;;;$971.95;$1479.12;01/04/26
2 210,2 310,2 410,2 450,2 510,6 030,8 260,8 360,8 430;171 ;MOD.COAGULOGRAMA BASICO INCLUYE CONSUMO DE PROTOMBINA KPTT,RECUENTO PLAQUETAS,COAGULACION;Int;$641.95;;;;;$1234.15;$1876.10;01/04/26
2 025,2 110;172 ;COBRE EN SANGRE;Amb;$147.92;;;;;$2332.68;$2480.60;01/04/26
2 025,2 110;172 ;COBRE EN SANGRE;Int;$187.24;;;;;$2961.96;$3149.20;01/04/26
2 210,2 310,2 410,2 450,2 510,6 030,8 260,8 360,8 430;172 ;COBRE EN SANGRE;Amb;$147.92;;;;;$2332.68;$2480.60;01/04/26
2 210,2 310,2 410,2 450,2 510,6 030,8 260,8 360,8 430;172 ;COBRE EN SANGRE;Int;$187.24;;;;;$2961.96;$3149.20;01/04/26
2 025,2 110;176 ;COLONIAS RECUENTO DE BACTERIOLOGIA, COLONIAS RECUEN;Amb;$137.36;;;;;$894.19;$1031.55;01/04/26
2 025,2 110;176 ;COLONIAS RECUENTO DE BACTERIOLOGIA, COLONIAS RECUEN;Int;$173.86;;;;;$1135.42;$1309.28;01/04/26
2 210,2 310,2 410,2 450,2 510,6 030,8 260,8 360,8 430;176 ;COLONIAS RECUENTO DE BACTERIOLOGIA, COLONIAS RECUEN;Amb;$137.36;;;;;$894.19;$1031.55;01/04/26
2 210,2 310,2 410,2 450,2 510,6 030,8 260,8 360,8 430;176 ;COLONIAS RECUENTO DE BACTERIOLOGIA, COLONIAS RECUEN;Int;$173.86;;;;;$1135.42;$1309.28;01/04/26
2 025,2 110;179 ;COMPLEMENTO ACTIVIDAD TOTAL - COMP. (CH50);Amb;$475.47;;;;;$2332.68;$2808.15;01/04/26
2 025,2 110;179 ;COMPLEMENTO ACTIVIDAD TOTAL - COMP. (CH50);Int;$601.83;;;;;$2961.96;$3563.79;01/04/26
2 210,2 310,2 410,2 450,2 510,6 030,8 260,8 360,8 430;179 ;COMPLEMENTO ACTIVIDAD TOTAL - COMP. (CH50);Amb;$475.47;;;;;$2332.68;$2808.15;01/04/26
2 210,2 310,2 410,2 450,2 510,6 030,8 260,8 360,8 430;179 ;COMPLEMENTO ACTIVIDAD TOTAL - COMP. (CH50);Int;$601.83;;;;;$2961.96;$3563.79;01/04/26
2 025,2 110;180 ;COMPLEMENTO VALORACION INMUNOQUIMICA C1Q C15 C3 C4 C5 C7 C8 CADA DETERMINACION;Amb;$200.75;;;;;$2332.68;$2533.43;01/04/26
2 025,2 110;180 ;COMPLEMENTO VALORACION INMUNOQUIMICA C1Q C15 C3 C4 C5 C7 C8 CADA DETERMINACION;Int;$254.11;;;;;$2961.96;$3216.07;01/04/26
2 210,2 310,2 410,2 450,2 510,6 030,8 260,8 360,8 430;180 ;COMPLEMENTO VALORACION INMUNOQUIMICA C1Q C15 C3 C4 C5 C7 C8 CADA DETERMINACION;Amb;$200.75;;;;;$2332.68;$2533.43;01/04/26
2 210,2 310,2 410,2 450,2 510,6 030,8 260,8 360,8 430;180 ;COMPLEMENTO VALORACION INMUNOQUIMICA C1Q C15 C3 C4 C5 C7 C8 CADA DETERMINACION;Int;$254.11;;;;;$2961.96;$3216.07;01/04/26
2 025,2 110;184 ;COOMBS DIRECTA PRUEBA;Amb;$137.36;;;;;$583.17;$720.53;01/04/26
2 025,2 110;184 ;COOMBS DIRECTA PRUEBA;Int;$173.86;;;;;$740.49;$914.35;01/04/26
2 210,2 310,2 410,2 450,2 510,6 030,8 260,8 360,8 430;184 ;COOMBS DIRECTA PRUEBA;Amb;$137.36;;;;;$583.17;$720.53;01/04/26
2 210,2 310,2 410,2 450,2 510,6 030,8 260,8 360,8 430;184 ;COOMBS DIRECTA PRUEBA;Int;$173.86;;;;;$740.49;$914.35;01/04/26
2 025,2 110;186 ;COOMBS INDIRECTA CUANTITATIVA;Amb;$274.72;;;;;$971.95;$1246.67;01/04/26
2 025,2 110;186 ;COOMBS INDIRECTA CUANTITATIVA;Int;$347.72;;;;;$1234.15;$1581.87;01/04/26
2 210,2 310,2 410,2 450,2 510,6 030,8 260,8 360,8 430;186 ;COOMBS INDIRECTA CUANTITATIVA;Amb;$274.72;;;;;$971.95;$1246.67;01/04/26
2 210,2 310,2 410,2 450,2 510,6 030,8 260,8 360,8 430;186 ;COOMBS INDIRECTA CUANTITATIVA;Int;$347.72;;;;;$1234.15;$1581.87;01/04/26
2 025,2 110;187 ;COPROCULTIVO-ENTEROBACTEREASEAS CLASIFICACION DE;Amb;$760.75;;;;;$3110.24;$3870.99;01/04/26
2 025,2 110;187 ;COPROCULTIVO-ENTEROBACTEREASEAS CLASIFICACION DE;Int;$962.93;;;;;$3949.28;$4912.21;01/04/26
2 210,2 310,2 410,2 450,2 510,6 030,8 260,8 360,8 430;187 ;COPROCULTIVO-ENTEROBACTEREASEAS CLASIFICACION DE;Amb;$760.75;;;;;$3110.24;$3870.99;01/04/26
2 210,2 310,2 410,2 450,2 510,6 030,8 260,8 360,8 430;187 ;COPROCULTIVO-ENTEROBACTEREASEAS CLASIFICACION DE;Int;$962.93;;;;;$3949.28;$4912.21;01/04/26
2 025,2 110;189 ;CORTISOL PLASMATICO RADIOINMUNOENSAYO CORTISOL LIBRE, ORINA;Amb;;;;;;;$10570.02;01/04/26
2 025,2 110;189 ;CORTISOL PLASMATICO RADIOINMUNOENSAYO CORTISOL LIBRE, ORINA;Int;;;;;;;$10570.02;01/04/26
2 210,2 310,2 410,2 450,2 510,6 030,8 260,8 360,8 430;189 ;CORTISOL PLASMATICO RADIOINMUNOENSAYO CORTISOL LIBRE, ORINA;Amb;;;;;;;$10570.02;01/04/26
2 210,2 310,2 410,2 450,2 510,6 030,8 260,8 360,8 430;189 ;CORTISOL PLASMATICO RADIOINMUNOENSAYO CORTISOL LIBRE, ORINA;Int;;;;;;;$10570.02;01/04/26
2 025,2 110;190 ;CREATINQUINASA -CPK-;Amb;;;;;;;$3699.41;01/04/26
2 025,2 110;190 ;CREATINQUINASA -CPK-;Int;;;;;;;$3699.41;01/04/26
2 210,2 310,2 410,2 450,2 510,6 030,8 260,8 360,8 430;190 ;CREATINQUINASA -CPK-;Amb;;;;;;;$3699.41;01/04/26
2 210,2 310,2 410,2 450,2 510,6 030,8 260,8 360,8 430;190 ;CREATINQUINASA -CPK-;Int;;;;;;;$3699.41;01/04/26
2 025,2 110;191 ;CREATINA ORINA O SANGRE;Amb;$158.49;;;;;$583.17;$741.66;01/04/26
2 025,2 110;191 ;CREATINA ORINA O SANGRE;Int;$200.61;;;;;$740.49;$941.10;01/04/26
2 210,2 310,2 410,2 450,2 510,6 030,8 260,8 360,8 430;191 ;CREATINA ORINA O SANGRE;Amb;$158.49;;;;;$583.17;$741.66;01/04/26
2 210,2 310,2 410,2 450,2 510,6 030,8 260,8 360,8 430;191 ;CREATINA ORINA O SANGRE;Int;$200.61;;;;;$740.49;$941.10;01/04/26
2 025,2 110;192 ;CREATININA ORINA O SANGRE;Amb;$158.49;;;;;$699.80;$858.29;01/04/26
2 025,2 110;192 ;CREATININA ORINA O SANGRE;Int;$200.61;;;;;$888.59;$1089.20;01/04/26
2 210,2 310,2 410,2 450,2 510,6 030,8 260,8 360,8 430;192 ;CREATININA ORINA O SANGRE;Amb;$158.49;;;;;$699.80;$858.29;01/04/26
2 210,2 310,2 410,2 450,2 510,6 030,8 260,8 360,8 430;192 ;CREATININA ORINA O SANGRE;Int;$200.61;;;;;$888.59;$1089.20;01/04/26
2 025,2 110;193 ;CREATININA CLEARENCE DE DEPURACION;Amb;$211.32;;;;;$777.56;$988.88;01/04/26
2 025,2 110;193 ;CREATININA CLEARENCE DE DEPURACION;Int;$267.48;;;;;$987.32;$1254.80;01/04/26
2 210,2 310,2 410,2 450,2 510,6 030,8 260,8 360,8 430;193 ;CREATININA CLEARENCE DE DEPURACION;Amb;$211.32;;;;;$777.56;$988.88;01/04/26
2 210,2 310,2 410,2 450,2 510,6 030,8 260,8 360,8 430;193 ;CREATININA CLEARENCE DE DEPURACION;Int;$267.48;;;;;$987.32;$1254.80;01/04/26
2 025,2 110;241 ;CHAGAS, AGLUTINACION DIRECTA;Amb;$221.89;;;;;$1166.34;$1388.23;01/04/26
2 025,2 110;241 ;CHAGAS, AGLUTINACION DIRECTA;Int;$280.85;;;;;$1480.98;$1761.83;01/04/26
2 210,2 310,2 410,2 450,2 510,6 030,8 260,8 360,8 430;241 ;CHAGAS, AGLUTINACION DIRECTA;Amb;$221.89;;;;;$1166.34;$1388.23;01/04/26
2 210,2 310,2 410,2 450,2 510,6 030,8 260,8 360,8 430;241 ;CHAGAS, AGLUTINACION DIRECTA;Int;$280.85;;;;;$1480.98;$1761.83;01/04/26
2 025,2 110;242 ;CHAGAS FIJACION DE COMPLEMENTO CHAGAS-MAZZA, FIJACION DE COMP;Amb;$475.47;;;;;$777.56;$1253.03;01/04/26
2 025,2 110;242 ;CHAGAS FIJACION DE COMPLEMENTO CHAGAS-MAZZA, FIJACION DE COMP;Int;$601.83;;;;;$987.32;$1589.15;01/04/26
2 210,2 310,2 410,2 450,2 510,6 030,8 260,8 360,8 430;242 ;CHAGAS FIJACION DE COMPLEMENTO CHAGAS-MAZZA, FIJACION DE COMP;Amb;$475.47;;;;;$777.56;$1253.03;01/04/26
2 210,2 310,2 410,2 450,2 510,6 030,8 260,8 360,8 430;242 ;CHAGAS FIJACION DE COMPLEMENTO CHAGAS-MAZZA, FIJACION DE COMP;Int;$601.83;;;;;$987.32;$1589.15;01/04/26
2 025,2 110;243 ;CHAGAS INMUNOFLUORESCENCIA ELISA;Amb;;;;;;;$3801.73;01/04/26
2 025,2 110;243 ;CHAGAS INMUNOFLUORESCENCIA ELISA;Int;$762.32;;;;;$2961.96;$3724.28;01/04/26
2 210,2 310,2 410,2 450,2 510,6 030,8 260,8 360,8 430;243 ;CHAGAS INMUNOFLUORESCENCIA ELISA;Amb;;;;;;;$3801.73;01/04/26
2 210,2 310,2 410,2 450,2 510,6 030,8 260,8 360,8 430;243 ;CHAGAS INMUNOFLUORESCENCIA ELISA;Int;$762.32;;;;;$2961.96;$3724.28;01/04/26
2 025,2 110;293 ;EMBARAZO REACCION INMUNOLOGICA PARA -ORGANON- GALLI-MAININI- GAVINDEX -ORTH;Amb;$158.49;;;;;$1321.85;$1480.34;01/04/26
2 025,2 110;293 ;EMBARAZO REACCION INMUNOLOGICA PARA -ORGANON- GALLI-MAININI- GAVINDEX -ORTH;Int;$200.61;;;;;$1678.44;$1879.05;01/04/26
2 210,2 310,2 410,2 450,2 510,6 030,8 260,8 360,8 430;293 ;EMBARAZO REACCION INMUNOLOGICA PARA -ORGANON- GALLI-MAININI- GAVINDEX -ORTH;Amb;$158.49;;;;;$1321.85;$1480.34;01/04/26
2 210,2 310,2 410,2 450,2 510,6 030,8 260,8 360,8 430;293 ;EMBARAZO REACCION INMUNOLOGICA PARA -ORGANON- GALLI-MAININI- GAVINDEX -ORTH;Int;$200.61;;;;;$1678.44;$1879.05;01/04/26
2 025,2 110;295 ;EOSINOFILOS RECUENTO DE EOSINOFILOS EN MOCO NASAL, REC;Amb;$147.92;;;;;$388.78;$536.70;01/04/26
2 025,2 110;295 ;EOSINOFILOS RECUENTO DE EOSINOFILOS EN MOCO NASAL, REC;Int;$187.24;;;;;$493.66;$680.90;01/04/26
2 210,2 310,2 410,2 450,2 510,6 030,8 260,8 360,8 430;295 ;EOSINOFILOS RECUENTO DE EOSINOFILOS EN MOCO NASAL, REC;Amb;$147.92;;;;;$388.78;$536.70;01/04/26
2 210,2 310,2 410,2 450,2 510,6 030,8 260,8 360,8 430;295 ;EOSINOFILOS RECUENTO DE EOSINOFILOS EN MOCO NASAL, REC;Int;$187.24;;;;;$493.66;$680.90;01/04/26
2 025,2 110;297 ;ERITROSEDIMENTACION - VELOCIDAD DE SEDIMENTACION-;Amb;$52.83;;;;;$388.78;$441.61;01/04/26
2 025,2 110;297 ;ERITROSEDIMENTACION - VELOCIDAD DE SEDIMENTACION-;Int;$66.87;;;;;$493.66;$560.53;01/04/26
2 210,2 310,2 410,2 450,2 510,6 030,8 260,8 360,8 430;297 ;ERITROSEDIMENTACION - VELOCIDAD DE SEDIMENTACION-;Amb;$52.83;;;;;$388.78;$441.61;01/04/26
2 210,2 310,2 410,2 450,2 510,6 030,8 260,8 360,8 430;297 ;ERITROSEDIMENTACION - VELOCIDAD DE SEDIMENTACION-;Int;$66.87;;;;;$493.66;$560.53;01/04/26
2 025,2 110;298 ;MODULO DE ESPERMOGRAMA - LIQUIDO ESPERMATICO-SEMEN ANALISIS-;Amb;$475.47;;;;;$777.56;$1253.03;01/04/26
2 025,2 110;298 ;MODULO DE ESPERMOGRAMA - LIQUIDO ESPERMATICO-SEMEN ANALISIS-;Int;$601.83;;;;;$987.32;$1589.15;01/04/26
2 210,2 310,2 410,2 450,2 510,6 030,8 260,8 360,8 430;298 ;MODULO DE ESPERMOGRAMA - LIQUIDO ESPERMATICO-SEMEN ANALISIS-;Amb;$475.47;;;;;$777.56;$1253.03;01/04/26
2 210,2 310,2 410,2 450,2 510,6 030,8 260,8 360,8 430;298 ;MODULO DE ESPERMOGRAMA - LIQUIDO ESPERMATICO-SEMEN ANALISIS-;Int;$601.83;;;;;$987.32;$1589.15;01/04/26
2 025,2 110;300 ;ESTRADIOL PLASMATICO POR RADIOINMUNOENSAYO;Amb;$700.56;;;;;$6642.00;$7342.56;01/04/26
2 025,2 110;300 ;ESTRADIOL PLASMATICO POR RADIOINMUNOENSAYO;Int;$936.18;;;;;$8885.88;$9822.06;01/04/26
2 210,2 310,2 410,2 450,2 510,6 030,8 260,8 360,8 430;300 ;ESTRADIOL PLASMATICO POR RADIOINMUNOENSAYO;Amb;$700.56;;;;;$6642.00;$7342.56;01/04/26
2 210,2 310,2 410,2 450,2 510,6 030,8 260,8 360,8 430;300 ;ESTRADIOL PLASMATICO POR RADIOINMUNOENSAYO;Int;$936.18;;;;;$8885.88;$9822.06;01/04/26
2 025,2 110;309 ;EXUDADO NASOFARINGEO INVESTIGACION DE LOEFLER LOEFLER, BACILO DE;Amb;$206.04;;;;;$583.17;$789.21;01/04/26
2 025,2 110;309 ;EXUDADO NASOFARINGEO INVESTIGACION DE LOEFLER LOEFLER, BACILO DE;Int;$260.79;;;;;$740.49;$1001.28;01/04/26
2 210,2 310,2 410,2 450,2 510,6 030,8 260,8 360,8 430;309 ;EXUDADO NASOFARINGEO INVESTIGACION DE LOEFLER LOEFLER, BACILO DE;Amb;$206.04;;;;;$583.17;$789.21;01/04/26
2 210,2 310,2 410,2 450,2 510,6 030,8 260,8 360,8 430;309 ;EXUDADO NASOFARINGEO INVESTIGACION DE LOEFLER LOEFLER, BACILO DE;Int;$260.79;;;;;$740.49;$1001.28;01/04/26
2 025,2 110;331 ;FACTOR DE COAGULACION V COAGULACION FACTOR V;Amb;$158.49;;;;;$777.56;$936.05;01/04/26
2 025,2 110;331 ;FACTOR DE COAGULACION V COAGULACION FACTOR V;Int;$200.61;;;;;$987.32;$1187.93;01/04/26
2 210,2 310,2 410,2 450,2 510,6 030,8 260,8 360,8 430;331 ;FACTOR DE COAGULACION V COAGULACION FACTOR V;Amb;$158.49;;;;;$777.56;$936.05;01/04/26
2 210,2 310,2 410,2 450,2 510,6 030,8 260,8 360,8 430;331 ;FACTOR DE COAGULACION V COAGULACION FACTOR V;Int;$200.61;;;;;$987.32;$1187.93;01/04/26
2 025,2 110;332 ;FACTOR DE COAGULACION VII COAGULACION FACTOR VII;Amb;$158.49;;;;;$777.56;$936.05;01/04/26
2 025,2 110;332 ;FACTOR DE COAGULACION VII COAGULACION FACTOR VII;Int;$200.61;;;;;$987.32;$1187.93;01/04/26
2 210,2 310,2 410,2 450,2 510,6 030,8 260,8 360,8 430;332 ;FACTOR DE COAGULACION VII COAGULACION FACTOR VII;Amb;$158.49;;;;;$777.56;$936.05;01/04/26
2 210,2 310,2 410,2 450,2 510,6 030,8 260,8 360,8 430;332 ;FACTOR DE COAGULACION VII COAGULACION FACTOR VII;Int;$200.61;;;;;$987.32;$1187.93;01/04/26
2 025,2 110;333 ;FACTOR DE COAGULACION VIII COAGULACION FACTOR VIII;Amb;$184.91;;;;;$777.56;$962.47;01/04/26
2 025,2 110;333 ;FACTOR DE COAGULACION VIII COAGULACION FACTOR VIII;Int;$234.05;;;;;$987.32;$1221.37;01/04/26
2 210,2 310,2 410,2 450,2 510,6 030,8 260,8 360,8 430;333 ;FACTOR DE COAGULACION VIII COAGULACION FACTOR VIII;Amb;$184.91;;;;;$777.56;$962.47;01/04/26
2 210,2 310,2 410,2 450,2 510,6 030,8 260,8 360,8 430;333 ;FACTOR DE COAGULACION VIII COAGULACION FACTOR VIII;Int;$234.05;;;;;$987.32;$1221.37;01/04/26
2 025,2 110;334 ;FACTOR DE COAGULACION IX COAGULACION FACTOR IX;Amb;$184.91;;;;;$777.56;$962.47;01/04/26
2 025,2 110;334 ;FACTOR DE COAGULACION IX COAGULACION FACTOR IX;Int;$234.05;;;;;$987.32;$1221.37;01/04/26
2 210,2 310,2 410,2 450,2 510,6 030,8 260,8 360,8 430;334 ;FACTOR DE COAGULACION IX COAGULACION FACTOR IX;Amb;$184.91;;;;;$777.56;$962.47;01/04/26
2 210,2 310,2 410,2 450,2 510,6 030,8 260,8 360,8 430;334 ;FACTOR DE COAGULACION IX COAGULACION FACTOR IX;Int;$234.05;;;;;$987.32;$1221.37;01/04/26
2 025,2 110;335 ;FACTOR DE COAGULACION X COAGULACION FACTOR X;Amb;$158.49;;;;;$971.95;$1130.44;01/04/26
2 025,2 110;335 ;FACTOR DE COAGULACION X COAGULACION FACTOR X;Int;$200.61;;;;;$1234.15;$1434.76;01/04/26
2 210,2 310,2 410,2 450,2 510,6 030,8 260,8 360,8 430;335 ;FACTOR DE COAGULACION X COAGULACION FACTOR X;Amb;$158.49;;;;;$971.95;$1130.44;01/04/26
2 210,2 310,2 410,2 450,2 510,6 030,8 260,8 360,8 430;335 ;FACTOR DE COAGULACION X COAGULACION FACTOR X;Int;$200.61;;;;;$1234.15;$1434.76;01/04/26
2 025,2 110;343 ;FERREMIA-HIERRO SERICO - SIDEREMIA-;Amb;$221.89;;;;;$971.95;$1193.84;01/04/26
2 025,2 110;343 ;FERREMIA-HIERRO SERICO - SIDEREMIA-;Int;$280.85;;;;;$1234.15;$1515.00;01/04/26
2 210,2 310,2 410,2 450,2 510,6 030,8 260,8 360,8 430;343 ;FERREMIA-HIERRO SERICO - SIDEREMIA-;Amb;$221.89;;;;;$971.95;$1193.84;01/04/26
2 210,2 310,2 410,2 450,2 510,6 030,8 260,8 360,8 430;343 ;FERREMIA-HIERRO SERICO - SIDEREMIA-;Int;$280.85;;;;;$1234.15;$1515.00;01/04/26
2 025,2 110;345 ;FIBRINOGENO EN SANGRE - FACTOR 1;Amb;$158.49;;;;;$583.17;$741.66;01/04/26
2 025,2 110;345 ;FIBRINOGENO EN SANGRE - FACTOR 1;Int;$200.61;;;;;$740.49;$941.10;01/04/26
2 210,2 310,2 410,2 450,2 510,6 030,8 260,8 360,8 430;345 ;FIBRINOGENO EN SANGRE - FACTOR 1;Amb;$158.49;;;;;$583.17;$741.66;01/04/26
2 210,2 310,2 410,2 450,2 510,6 030,8 260,8 360,8 430;345 ;FIBRINOGENO EN SANGRE - FACTOR 1;Int;$200.61;;;;;$740.49;$941.10;01/04/26
2 025,2 110;357 ;FOSFATASA ALCALINA;Amb;$105.66;;;;;$583.17;$688.83;01/04/26
2 025,2 110;357 ;FOSFATASA ALCALINA;Int;$133.74;;;;;$740.49;$874.23;01/04/26
2 210,2 310,2 410,2 450,2 510,6 030,8 260,8 360,8 430;357 ;FOSFATASA ALCALINA;Amb;$105.66;;;;;$583.17;$688.83;01/04/26
2 210,2 310,2 410,2 450,2 510,6 030,8 260,8 360,8 430;357 ;FOSFATASA ALCALINA;Int;$133.74;;;;;$740.49;$874.23;01/04/26
2 025,2 110;362 ;FOSFATEMIA- FOSFATO INORGANICO;Amb;$105.66;;;;;$583.17;$688.83;01/04/26
2 025,2 110;362 ;FOSFATEMIA- FOSFATO INORGANICO;Int;$133.74;;;;;$740.49;$874.23;01/04/26
2 210,2 310,2 410,2 450,2 510,6 030,8 260,8 360,8 430;362 ;FOSFATEMIA- FOSFATO INORGANICO;Amb;$105.66;;;;;$583.17;$688.83;01/04/26
2 210,2 310,2 410,2 450,2 510,6 030,8 260,8 360,8 430;362 ;FOSFATEMIA- FOSFATO INORGANICO;Int;$133.74;;;;;$740.49;$874.23;01/04/26
2 025,2 110;363 ;FOSFATURIA;Amb;$105.66;;;;;$583.17;$688.83;01/04/26
2 025,2 110;363 ;FOSFATURIA;Int;$133.74;;;;;$740.49;$874.23;01/04/26
2 210,2 310,2 410,2 450,2 510,6 030,8 260,8 360,8 430;363 ;FOSFATURIA;Amb;$105.66;;;;;$583.17;$688.83;01/04/26
2 210,2 310,2 410,2 450,2 510,6 030,8 260,8 360,8 430;363 ;FOSFATURIA;Int;$133.74;;;;;$740.49;$874.23;01/04/26
2 025,2 110;370 ;FSH POR RADIOINMUNOENSAYO;Amb;$700.56;;;;;$6642.00;$7342.56;01/04/26
2 025,2 110;370 ;FSH POR RADIOINMUNOENSAYO;Int;$936.18;;;;;$8885.88;$9822.06;01/04/26
2 210,2 310,2 410,2 450,2 510,6 030,8 260,8 360,8 430;370 ;FSH POR RADIOINMUNOENSAYO;Amb;$700.56;;;;;$6642.00;$7342.56;01/04/26
2 210,2 310,2 410,2 450,2 510,6 030,8 260,8 360,8 430;370 ;FSH POR RADIOINMUNOENSAYO;Int;$936.18;;;;;$8885.88;$9822.06;01/04/26
2 025,2 110;405 ;GASTRINA PLASMATICA RADIOINMUNOENSAYO;Amb;$700.56;;;;;$6642.00;$7342.56;01/04/26
2 025,2 110;405 ;GASTRINA PLASMATICA RADIOINMUNOENSAYO;Int;$936.18;;;;;$8885.88;$9822.06;01/04/26
2 210,2 310,2 410,2 450,2 510,6 030,8 260,8 360,8 430;405 ;GASTRINA PLASMATICA RADIOINMUNOENSAYO;Amb;$700.56;;;;;$6642.00;$7342.56;01/04/26
2 210,2 310,2 410,2 450,2 510,6 030,8 260,8 360,8 430;405 ;GASTRINA PLASMATICA RADIOINMUNOENSAYO;Int;$936.18;;;;;$8885.88;$9822.06;01/04/26
2 025,2 110;409 ;GLOBULOS BLANCOS RECUENTO DE LEUCOCITOS, RECUENTO DE;Amb;$52.83;;;;;$388.78;$441.61;01/04/26
2 025,2 110;409 ;GLOBULOS BLANCOS RECUENTO DE LEUCOCITOS, RECUENTO DE;Int;$66.87;;;;;$493.66;$560.53;01/04/26
2 210,2 310,2 410,2 450,2 510,6 030,8 260,8 360,8 430;409 ;GLOBULOS BLANCOS RECUENTO DE LEUCOCITOS, RECUENTO DE;Amb;$52.83;;;;;$388.78;$441.61;01/04/26
2 210,2 310,2 410,2 450,2 510,6 030,8 260,8 360,8 430;409 ;GLOBULOS BLANCOS RECUENTO DE LEUCOCITOS, RECUENTO DE;Int;$66.87;;;;;$493.66;$560.53;01/04/26
2 025,2 110;412 ;GLUCEMIA;Amb;$105.66;;;;;$388.78;$494.44;01/04/26
2 025,2 110;412 ;GLUCEMIA;Int;$133.74;;;;;$493.66;$627.40;01/04/26
2 210,2 310,2 410,2 450,2 510,6 030,8 260,8 360,8 430;412 ;GLUCEMIA;Amb;$105.66;;;;;$388.78;$494.44;01/04/26
2 210,2 310,2 410,2 450,2 510,6 030,8 260,8 360,8 430;412 ;GLUCEMIA;Int;$133.74;;;;;$493.66;$627.40;01/04/26
2 025,2 110;413 ;MOD. GLUCEMIA - HIPERGLUCEMIA PROVOCADA - EXTON ROSSE/CURVA DE PRUEBA TOLERANCIA ORAL A LA;Amb;$422.64;;;;;$1555.12;$1977.76;01/04/26
2 025,2 110;413 ;MOD. GLUCEMIA - HIPERGLUCEMIA PROVOCADA - EXTON ROSSE/CURVA DE PRUEBA TOLERANCIA ORAL A LA;Int;$534.96;;;;;$1974.64;$2509.60;01/04/26
2 210,2 310,2 410,2 450,2 510,6 030,8 260,8 360,8 430;413 ;MOD. GLUCEMIA - HIPERGLUCEMIA PROVOCADA - EXTON ROSSE/CURVA DE PRUEBA TOLERANCIA ORAL A LA;Amb;$422.64;;;;;$1555.12;$1977.76;01/04/26
2 210,2 310,2 410,2 450,2 510,6 030,8 260,8 360,8 430;413 ;MOD. GLUCEMIA - HIPERGLUCEMIA PROVOCADA - EXTON ROSSE/CURVA DE PRUEBA TOLERANCIA ORAL A LA;Int;$534.96;;;;;$1974.64;$2509.60;01/04/26
2 025,2 110;420 ;GLUTAMIL TRANSPEPTIDASA GAMMA;Amb;$158.49;;;;;$1555.12;$1713.61;01/04/26
2 025,2 110;420 ;GLUTAMIL TRANSPEPTIDASA GAMMA;Int;$200.61;;;;;$1974.64;$2175.25;01/04/26
2 210,2 310,2 410,2 450,2 510,6 030,8 260,8 360,8 430;420 ;GLUTAMIL TRANSPEPTIDASA GAMMA;Amb;$158.49;;;;;$1555.12;$1713.61;01/04/26
2 210,2 310,2 410,2 450,2 510,6 030,8 260,8 360,8 430;420 ;GLUTAMIL TRANSPEPTIDASA GAMMA;Int;$200.61;;;;;$1974.64;$2175.25;01/04/26
2 025,2 110;430 ;GRAHAM TEST DE -SERIADO 7 DIAS CONSECUTIVOS- ESCOBILLADO ANAL -HISOPO ANAL-;Amb;;;;;;;$1599.19;01/04/26
2 025,2 110;430 ;GRAHAM TEST DE -SERIADO 7 DIAS CONSECUTIVOS- ESCOBILLADO ANAL -HISOPO ANAL-;Int;$133.74;;;;;$987.32;$1121.06;01/04/26
2 210,2 310,2 410,2 450,2 510,6 030,8 260,8 360,8 430;430 ;GRAHAM TEST DE -SERIADO 7 DIAS CONSECUTIVOS- ESCOBILLADO ANAL -HISOPO ANAL-;Amb;;;;;;;$1599.19;01/04/26
2 210,2 310,2 410,2 450,2 510,6 030,8 260,8 360,8 430;430 ;GRAHAM TEST DE -SERIADO 7 DIAS CONSECUTIVOS- ESCOBILLADO ANAL -HISOPO ANAL-;Int;$133.74;;;;;$987.32;$1121.06;01/04/26
2 025,2 110;433 ;GRUPO SANGUINEO- SISTEMA ABO-;Amb;$105.66;;;;;$583.17;$688.83;01/04/26
2 025,2 110;433 ;GRUPO SANGUINEO- SISTEMA ABO-;Int;$133.74;;;;;$740.49;$874.23;01/04/26
2 210,2 310,2 410,2 450,2 510,6 030,8 260,8 360,8 430;433 ;GRUPO SANGUINEO- SISTEMA ABO-;Amb;$105.66;;;;;$583.17;$688.83;01/04/26
2 210,2 310,2 410,2 450,2 510,6 030,8 260,8 360,8 430;433 ;GRUPO SANGUINEO- SISTEMA ABO-;Int;$133.74;;;;;$740.49;$874.23;01/04/26
2 025,2 110;466 ;HEMATOCRITO;Amb;$52.83;;;;;$388.78;$441.61;01/04/26
2 025,2 110;466 ;HEMATOCRITO;Int;$66.87;;;;;$493.66;$560.53;01/04/26
2 210,2 310,2 410,2 450,2 510,6 030,8 260,8 360,8 430;466 ;HEMATOCRITO;Amb;$52.83;;;;;$388.78;$441.61;01/04/26
2 210,2 310,2 410,2 450,2 510,6 030,8 260,8 360,8 430;466 ;HEMATOCRITO;Int;$66.87;;;;;$493.66;$560.53;01/04/26
2 025,2 110;468 ;HEMOCULTIVO AEROBIOS Y ANAEROBIOS;Amb;$274.72;;;;;$1943.90;$2218.62;01/04/26
2 025,2 110;468 ;HEMOCULTIVO AEROBIOS Y ANAEROBIOS;Int;$347.72;;;;;$2468.30;$2816.02;01/04/26
2 210,2 310,2 410,2 450,2 510,6 030,8 260,8 360,8 430;468 ;HEMOCULTIVO AEROBIOS Y ANAEROBIOS;Amb;$274.72;;;;;$1943.90;$2218.62;01/04/26
2 210,2 310,2 410,2 450,2 510,6 030,8 260,8 360,8 430;468 ;HEMOCULTIVO AEROBIOS Y ANAEROBIOS;Int;$347.72;;;;;$2468.30;$2816.02;01/04/26
2 025,2 110;471 ;HEMOGLOBINA ELECTROFORESIS DE;Amb;;;;;;;$3201.52;01/04/26
2 025,2 110;471 ;HEMOGLOBINA ELECTROFORESIS DE;Int;$300.92;;;;;$1480.98;$1781.90;01/04/26
2 210,2 310,2 410,2 450,2 510,6 030,8 260,8 360,8 430;471 ;HEMOGLOBINA ELECTROFORESIS DE;Amb;;;;;;;$3201.52;01/04/26
2 210,2 310,2 410,2 450,2 510,6 030,8 260,8 360,8 430;471 ;HEMOGLOBINA ELECTROFORESIS DE;Int;$300.92;;;;;$1480.98;$1781.90;01/04/26
2 025,2 110;475 ;MODULO DE HEMOGRAMA - CITOLOGICO COMPLETO -SANGRE- RECUENTO Y FORMULA;Amb;;;;;;;$1365.19;01/04/26
2 025,2 110;475 ;MODULO DE HEMOGRAMA - CITOLOGICO COMPLETO -SANGRE- RECUENTO Y FORMULA;Int;$401.22;;;;;$641.76;$1042.98;01/04/26
2 210,2 310,2 410,2 450,2 510,6 030,8 260,8 360,8 430;475 ;MODULO DE HEMOGRAMA - CITOLOGICO COMPLETO -SANGRE- RECUENTO Y FORMULA;Amb;;;;;;;$1365.19;01/04/26
2 210,2 310,2 410,2 450,2 510,6 030,8 260,8 360,8 430;475 ;MODULO DE HEMOGRAMA - CITOLOGICO COMPLETO -SANGRE- RECUENTO Y FORMULA;Int;$401.22;;;;;$641.76;$1042.98;01/04/26
2 025,2 110;476 ;HEMOLISINAS EN CALIENTE TITULACION;Amb;;;;;;;$798.07;01/04/26
2 025,2 110;476 ;HEMOLISINAS EN CALIENTE TITULACION;Int;$267.48;;;;;$740.49;$1007.97;01/04/26
2 210,2 310,2 410,2 450,2 510,6 030,8 260,8 360,8 430;476 ;HEMOLISINAS EN CALIENTE TITULACION;Amb;;;;;;;$798.07;01/04/26
2 210,2 310,2 410,2 450,2 510,6 030,8 260,8 360,8 430;476 ;HEMOLISINAS EN CALIENTE TITULACION;Int;$267.48;;;;;$740.49;$1007.97;01/04/26
2 025,2 110;481 ;MODULO DE HEPATOGRAMA O HEPATOGRAMA COMPLETO;Amb;;;;;;;$3714.86;01/04/26
2 025,2 110;481 ;MODULO DE HEPATOGRAMA O HEPATOGRAMA COMPLETO;Int;$668.70;;;;;$4048.01;$4716.71;01/04/26
2 210,2 310,2 410,2 450,2 510,6 030,8 260,8 360,8 430;481 ;MODULO DE HEPATOGRAMA O HEPATOGRAMA COMPLETO;Amb;;;;;;;$3714.86;01/04/26
2 210,2 310,2 410,2 450,2 510,6 030,8 260,8 360,8 430;481 ;MODULO DE HEPATOGRAMA O HEPATOGRAMA COMPLETO;Int;$668.70;;;;;$4048.01;$4716.71;01/04/26
2 025,2 110;537 ;INMUNOGLOBULINA A- IGA- CADENA ALFA CUANTIFICACION;Amb;;;;;;;$3402.47;01/04/26
2 025,2 110;537 ;INMUNOGLOBULINA A- IGA- CADENA ALFA CUANTIFICACION;Int;$254.11;;;;;$2961.96;$3216.07;01/04/26
2 210,2 310,2 410,2 450,2 510,6 030,8 260,8 360,8 430;537 ;INMUNOGLOBULINA A- IGA- CADENA ALFA CUANTIFICACION;Amb;;;;;;;$3402.47;01/04/26
2 210,2 310,2 410,2 450,2 510,6 030,8 260,8 360,8 430;537 ;INMUNOGLOBULINA A- IGA- CADENA ALFA CUANTIFICACION;Int;$254.11;;;;;$2961.96;$3216.07;01/04/26
2 025,2 110;539 ;INMUNOGLOBULINA E-IGE- CUANTIFICACION POR RIE;Amb;$700.56;;;;;$6642.00;$7342.56;01/04/26
2 025,2 110;539 ;INMUNOGLOBULINA E-IGE- CUANTIFICACION POR RIE;Int;$936.18;;;;;$8885.88;$9822.06;01/04/26
2 210,2 310,2 410,2 450,2 510,6 030,8 260,8 360,8 430;539 ;INMUNOGLOBULINA E-IGE- CUANTIFICACION POR RIE;Amb;$700.56;;;;;$6642.00;$7342.56;01/04/26
2 210,2 310,2 410,2 450,2 510,6 030,8 260,8 360,8 430;539 ;INMUNOGLOBULINA E-IGE- CUANTIFICACION POR RIE;Int;$936.18;;;;;$8885.88;$9822.06;01/04/26
2 025,2 110;540 ;INMUNOGLOBULINA G -IGG- CADENA ESPECIFICA GAMMA CUANTIFICACION;Amb;;;;;;;$3402.47;01/04/26
2 025,2 110;540 ;INMUNOGLOBULINA G -IGG- CADENA ESPECIFICA GAMMA CUANTIFICACION;Int;$254.11;;;;;$2961.96;$3216.07;01/04/26
2 210,2 310,2 410,2 450,2 510,6 030,8 260,8 360,8 430;540 ;INMUNOGLOBULINA G -IGG- CADENA ESPECIFICA GAMMA CUANTIFICACION;Amb;;;;;;;$3402.47;01/04/26
2 210,2 310,2 410,2 450,2 510,6 030,8 260,8 360,8 430;540 ;INMUNOGLOBULINA G -IGG- CADENA ESPECIFICA GAMMA CUANTIFICACION;Int;$254.11;;;;;$2961.96;$3216.07;01/04/26
2 025,2 110;541 ;INMUNOGLOBULINA M -IGM- CADENA ESPECIFICA MU CUANTIFICACION;Amb;;;;;;;$3402.47;01/04/26
2 025,2 110;541 ;INMUNOGLOBULINA M -IGM- CADENA ESPECIFICA MU CUANTIFICACION;Int;$254.11;;;;;$2961.96;$3216.07;01/04/26
2 210,2 310,2 410,2 450,2 510,6 030,8 260,8 360,8 430;541 ;INMUNOGLOBULINA M -IGM- CADENA ESPECIFICA MU CUANTIFICACION;Amb;;;;;;;$3402.47;01/04/26
2 210,2 310,2 410,2 450,2 510,6 030,8 260,8 360,8 430;541 ;INMUNOGLOBULINA M -IGM- CADENA ESPECIFICA MU CUANTIFICACION;Int;$254.11;;;;;$2961.96;$3216.07;01/04/26
2 025,2 110;543 ;INSULINA POR RADIOINMUNOENSAYO CADA DETERMINACION;Amb;$700.56;;;;;$6642.00;$7342.56;01/04/26
2 025,2 110;543 ;INSULINA POR RADIOINMUNOENSAYO CADA DETERMINACION;Int;$936.18;;;;;$8885.88;$9822.06;01/04/26
2 210,2 310,2 410,2 450,2 510,6 030,8 260,8 360,8 430;543 ;INSULINA POR RADIOINMUNOENSAYO CADA DETERMINACION;Amb;$700.56;;;;;$6642.00;$7342.56;01/04/26
2 210,2 310,2 410,2 450,2 510,6 030,8 260,8 360,8 430;543 ;INSULINA POR RADIOINMUNOENSAYO CADA DETERMINACION;Int;$936.18;;;;;$8885.88;$9822.06;01/04/26
2 025,2 110;546 ;MODULO DE IONOGRAMA PLASMATICO - MEDIO INTERNO-;Amb;$295.85;;;;;$1555.12;$1850.97;01/04/26
2 025,2 110;546 ;MODULO DE IONOGRAMA PLASMATICO - MEDIO INTERNO-;Int;$374.47;;;;;$1974.64;$2349.11;01/04/26
2 210,2 310,2 410,2 450,2 510,6 030,8 260,8 360,8 430;546 ;MODULO DE IONOGRAMA PLASMATICO - MEDIO INTERNO-;Amb;$295.85;;;;;$1555.12;$1850.97;01/04/26
2 210,2 310,2 410,2 450,2 510,6 030,8 260,8 360,8 430;546 ;MODULO DE IONOGRAMA PLASMATICO - MEDIO INTERNO-;Int;$374.47;;;;;$1974.64;$2349.11;01/04/26
2 025,2 110;547 ;IONOGRAMA URINARIO;Amb;$221.89;;;;;$1555.12;$1777.01;01/04/26
2 025,2 110;547 ;IONOGRAMA URINARIO;Int;$280.85;;;;;$1974.64;$2255.49;01/04/26
2 210,2 310,2 410,2 450,2 510,6 030,8 260,8 360,8 430;547 ;IONOGRAMA URINARIO;Amb;$221.89;;;;;$1555.12;$1777.01;01/04/26
2 210,2 310,2 410,2 450,2 510,6 030,8 260,8 360,8 430;547 ;IONOGRAMA URINARIO;Int;$280.85;;;;;$1974.64;$2255.49;01/04/26
2 025,2 110;594 ;LACTICO DEHIDROGENASA -LDH-ALFA-DESOXI-BUTIL DEHIDROGENASA;Amb;$158.49;;;;;$1282.97;$1441.46;01/04/26
2 025,2 110;594 ;LACTICO DEHIDROGENASA -LDH-ALFA-DESOXI-BUTIL DEHIDROGENASA;Int;$200.61;;;;;$1629.08;$1829.69;01/04/26
2 210,2 310,2 410,2 450,2 510,6 030,8 260,8 360,8 430;594 ;LACTICO DEHIDROGENASA -LDH-ALFA-DESOXI-BUTIL DEHIDROGENASA;Amb;$158.49;;;;;$1282.97;$1441.46;01/04/26
2 210,2 310,2 410,2 450,2 510,6 030,8 260,8 360,8 430;594 ;LACTICO DEHIDROGENASA -LDH-ALFA-DESOXI-BUTIL DEHIDROGENASA;Int;$200.61;;;;;$1629.08;$1829.69;01/04/26
2 025,2 110;598 ;LATEX ARTRITIS REUMATOIDEA - AR.-SINGER Y PLOTZ, TEST DE ARTRITIS REUMATOIDEA PRUEBA PA;Amb;$105.66;;;;;$1088.58;$1194.24;01/04/26
2 025,2 110;598 ;LATEX ARTRITIS REUMATOIDEA - AR.-SINGER Y PLOTZ, TEST DE ARTRITIS REUMATOIDEA PRUEBA PA;Int;$133.74;;;;;$1382.25;$1515.99;01/04/26
2 210,2 310,2 410,2 450,2 510,6 030,8 260,8 360,8 430;598 ;LATEX ARTRITIS REUMATOIDEA - AR.-SINGER Y PLOTZ, TEST DE ARTRITIS REUMATOIDEA PRUEBA PA;Amb;$105.66;;;;;$1088.58;$1194.24;01/04/26
2 210,2 310,2 410,2 450,2 510,6 030,8 260,8 360,8 430;598 ;LATEX ARTRITIS REUMATOIDEA - AR.-SINGER Y PLOTZ, TEST DE ARTRITIS REUMATOIDEA PRUEBA PA;Int;$133.74;;;;;$1382.25;$1515.99;01/04/26
2 025,2 110;609 ;LEUCOPRECIPITINAS - RINGE TEST-;Amb;$211.32;;;;;$583.17;$794.49;01/04/26
2 025,2 110;609 ;LEUCOPRECIPITINAS - RINGE TEST-;Int;$267.48;;;;;$740.49;$1007.97;01/04/26
2 210,2 310,2 410,2 450,2 510,6 030,8 260,8 360,8 430;609 ;LEUCOPRECIPITINAS - RINGE TEST-;Amb;$211.32;;;;;$583.17;$794.49;01/04/26
2 210,2 310,2 410,2 450,2 510,6 030,8 260,8 360,8 430;609 ;LEUCOPRECIPITINAS - RINGE TEST-;Int;$267.48;;;;;$740.49;$1007.97;01/04/26
2 025,2 110;612 ;LH POR RADIOINMUNOENSAYO;Amb;$700.56;;;;;$6642.00;$7342.56;01/04/26
2 025,2 110;612 ;LH POR RADIOINMUNOENSAYO;Int;$936.18;;;;;$8885.88;$9822.06;01/04/26
2 210,2 310,2 410,2 450,2 510,6 030,8 260,8 360,8 430;612 ;LH POR RADIOINMUNOENSAYO;Amb;$700.56;;;;;$6642.00;$7342.56;01/04/26
2 210,2 310,2 410,2 450,2 510,6 030,8 260,8 360,8 430;612 ;LH POR RADIOINMUNOENSAYO;Int;$936.18;;;;;$8885.88;$9822.06;01/04/26
2 025,2 110;613 ;LIPASA EN SANGRE;Amb;$158.49;;;;;$1166.34;$1324.83;01/04/26
2 025,2 110;613 ;LIPASA EN SANGRE;Int;$200.61;;;;;$1480.98;$1681.59;01/04/26
2 210,2 310,2 410,2 450,2 510,6 030,8 260,8 360,8 430;613 ;LIPASA EN SANGRE;Amb;$158.49;;;;;$1166.34;$1324.83;01/04/26
2 210,2 310,2 410,2 450,2 510,6 030,8 260,8 360,8 430;613 ;LIPASA EN SANGRE;Int;$200.61;;;;;$1480.98;$1681.59;01/04/26
2 025,2 110;615 ;LIPIDOGRAMA ELECTROFORETICO;Amb;$316.98;;;;;$855.32;$1172.30;01/04/26
2 025,2 110;615 ;LIPIDOGRAMA ELECTROFORETICO;Int;$401.22;;;;;$1086.05;$1487.27;01/04/26
2 210,2 310,2 410,2 450,2 510,6 030,8 260,8 360,8 430;615 ;LIPIDOGRAMA ELECTROFORETICO;Amb;$316.98;;;;;$855.32;$1172.30;01/04/26
2 210,2 310,2 410,2 450,2 510,6 030,8 260,8 360,8 430;615 ;LIPIDOGRAMA ELECTROFORETICO;Int;$401.22;;;;;$1086.05;$1487.27;01/04/26
2 025,2 110;653 ;MAGNESIO EN SANGRE;Amb;$158.49;;;;;$583.17;$741.66;01/04/26
2 025,2 110;653 ;MAGNESIO EN SANGRE;Int;$200.61;;;;;$740.49;$941.10;01/04/26
2 210,2 310,2 410,2 450,2 510,6 030,8 260,8 360,8 430;653 ;MAGNESIO EN SANGRE;Amb;$158.49;;;;;$583.17;$741.66;01/04/26
2 210,2 310,2 410,2 450,2 510,6 030,8 260,8 360,8 430;653 ;MAGNESIO EN SANGRE;Int;$200.61;;;;;$740.49;$941.10;01/04/26
2 025,2 110;665 ;MODULO DE MICOLOGIA,CULTIVO E IDENTIFICACION;Amb;;;;;;;$3603.00;01/04/26
2 025,2 110;665 ;MODULO DE MICOLOGIA,CULTIVO E IDENTIFICACION;Int;$267.48;;;;;$1234.15;$1501.63;01/04/26
2 210,2 310,2 410,2 450,2 510,6 030,8 260,8 360,8 430;665 ;MODULO DE MICOLOGIA,CULTIVO E IDENTIFICACION;Amb;;;;;;;$3603.00;01/04/26
2 210,2 310,2 410,2 450,2 510,6 030,8 260,8 360,8 430;665 ;MODULO DE MICOLOGIA,CULTIVO E IDENTIFICACION;Int;$267.48;;;;;$1234.15;$1501.63;01/04/26
2 025,2 110;670 ;MONONUCLEOSIS, HEMOAGLUTINACION- PAUL- BUNNEL-;Amb;;;;;;;$989.87;01/04/26
2 025,2 110;670 ;MONONUCLEOSIS, HEMOAGLUTINACION- PAUL- BUNNEL-;Int;$267.48;;;;;$987.32;$1254.80;01/04/26
2 210,2 310,2 410,2 450,2 510,6 030,8 260,8 360,8 430;670 ;MONONUCLEOSIS, HEMOAGLUTINACION- PAUL- BUNNEL-;Amb;;;;;;;$989.87;01/04/26
2 210,2 310,2 410,2 450,2 510,6 030,8 260,8 360,8 430;670 ;MONONUCLEOSIS, HEMOAGLUTINACION- PAUL- BUNNEL-;Int;$267.48;;;;;$987.32;$1254.80;01/04/26
2 025,2 110;702 ;5-NUCLEOTIDASA;Amb;;;;;;;$2001.90;01/04/26
2 025,2 110;702 ;5-NUCLEOTIDASA;Int;$401.22;;;;;$1480.98;$1882.20;01/04/26
2 210,2 310,2 410,2 450,2 510,6 030,8 260,8 360,8 430;702 ;5-NUCLEOTIDASA;Amb;;;;;;;$2001.90;01/04/26
2 210,2 310,2 410,2 450,2 510,6 030,8 260,8 360,8 430;702 ;5-NUCLEOTIDASA;Int;$401.22;;;;;$1480.98;$1882.20;01/04/26
2 025,2 110;711 ;MOD.ORINA COMPLETA-GLUCOSURIA-SALES BILIARES-SANGRE EN ORINA HEMATURIA -ORINA PARCIAL- PI;Amb;;;;;;;$1395.07;01/04/26
2 025,2 110;711 ;MOD.ORINA COMPLETA-GLUCOSURIA-SALES BILIARES-SANGRE EN ORINA HEMATURIA -ORINA PARCIAL- PI;Int;$267.48;;;;;$987.32;$1254.80;01/04/26
2 210,2 310,2 410,2 450,2 510,6 030,8 260,8 360,8 430;711 ;MOD.ORINA COMPLETA-GLUCOSURIA-SALES BILIARES-SANGRE EN ORINA HEMATURIA -ORINA PARCIAL- PI;Amb;;;;;;;$1395.07;01/04/26
2 210,2 310,2 410,2 450,2 510,6 030,8 260,8 360,8 430;711 ;MOD.ORINA COMPLETA-GLUCOSURIA-SALES BILIARES-SANGRE EN ORINA HEMATURIA -ORINA PARCIAL- PI;Int;$267.48;;;;;$987.32;$1254.80;01/04/26
2 025,2 110;716 ;OXIGENO SANGRE -P02-;Amb;;;;;;;$2542.03;01/04/26
2 025,2 110;716 ;OXIGENO SANGRE -P02-;Int;$267.48;;;;;$2961.96;$3229.44;01/04/26
2 210,2 310,2 410,2 450,2 510,6 030,8 260,8 360,8 430;716 ;OXIGENO SANGRE -P02-;Amb;;;;;;;$2542.03;01/04/26
2 210,2 310,2 410,2 450,2 510,6 030,8 260,8 360,8 430;716 ;OXIGENO SANGRE -P02-;Int;$267.48;;;;;$2961.96;$3229.44;01/04/26
2 025,2 110;735 ;PARASITOLOGICO DE MATERIA FECAL DOS MUESTRAS;Amb;$126.79;;;;;$583.17;$709.96;01/04/26
2 025,2 110;735 ;PARASITOLOGICO DE MATERIA FECAL DOS MUESTRAS;Int;$160.49;;;;;$740.49;$900.98;01/04/26
2 210,2 310,2 410,2 450,2 510,6 030,8 260,8 360,8 430;735 ;PARASITOLOGICO DE MATERIA FECAL DOS MUESTRAS;Amb;$126.79;;;;;$583.17;$709.96;01/04/26
2 210,2 310,2 410,2 450,2 510,6 030,8 260,8 360,8 430;735 ;PARASITOLOGICO DE MATERIA FECAL DOS MUESTRAS;Int;$160.49;;;;;$740.49;$900.98;01/04/26
2 025,2 110;736 ;PARASITOLOGICO DE MATERIA FECAL SERIADO;Amb;;;;;;;$2001.90;01/04/26
2 025,2 110;736 ;PARASITOLOGICO DE MATERIA FECAL SERIADO;Int;$267.48;;;;;$987.32;$1254.80;01/04/26
2 210,2 310,2 410,2 450,2 510,6 030,8 260,8 360,8 430;736 ;PARASITOLOGICO DE MATERIA FECAL SERIADO;Amb;;;;;;;$2001.90;01/04/26
2 210,2 310,2 410,2 450,2 510,6 030,8 260,8 360,8 430;736 ;PARASITOLOGICO DE MATERIA FECAL SERIADO;Int;$267.48;;;;;$987.32;$1254.80;01/04/26
2 025,2 110;739 ;PARATHORMONA PLASMATICA POR RADIOINMUNOENSAYO - PTH;Amb;$800.64;;;;;$7380.00;$8180.64;01/04/26
2 025,2 110;739 ;PARATHORMONA PLASMATICA POR RADIOINMUNOENSAYO - PTH;Int;$1069.92;;;;;$9873.20;$10943.12;01/04/26
2 210,2 310,2 410,2 450,2 510,6 030,8 260,8 360,8 430;739 ;PARATHORMONA PLASMATICA POR RADIOINMUNOENSAYO - PTH;Amb;$800.64;;;;;$7380.00;$8180.64;01/04/26
2 210,2 310,2 410,2 450,2 510,6 030,8 260,8 360,8 430;739 ;PARATHORMONA PLASMATICA POR RADIOINMUNOENSAYO - PTH;Int;$1069.92;;;;;$9873.20;$10943.12;01/04/26
2 025,2 110;746 ;PLAQUETAS RECUENTO DE - TROMBOSITOS, RECUENTO DE;Amb;;;;;;;$394.73;01/04/26
2 025,2 110;746 ;PLAQUETAS RECUENTO DE - TROMBOSITOS, RECUENTO DE;Int;$66.87;;;;;$493.66;$560.53;01/04/26
2 210,2 310,2 410,2 450,2 510,6 030,8 260,8 360,8 430;746 ;PLAQUETAS RECUENTO DE - TROMBOSITOS, RECUENTO DE;Amb;;;;;;;$394.73;01/04/26
2 210,2 310,2 410,2 450,2 510,6 030,8 260,8 360,8 430;746 ;PLAQUETAS RECUENTO DE - TROMBOSITOS, RECUENTO DE;Int;$66.87;;;;;$493.66;$560.53;01/04/26
2 025,2 110;749 ;PLOMO EN ORINA;Int;$401.22;;;;;$1974.64;$2375.86;01/04/26
2 210,2 310,2 410,2 450,2 510,6 030,8 260,8 360,8 430;749 ;PLOMO EN ORINA;Int;$401.22;;;;;$1974.64;$2375.86;01/04/26
2 025,2 110;752 ;PORFOBILINOGENO EN ORINA;Amb;$105.66;;;;;$1166.34;$1272.00;01/04/26
2 025,2 110;752 ;PORFOBILINOGENO EN ORINA;Int;$133.74;;;;;$1480.98;$1614.72;01/04/26
2 210,2 310,2 410,2 450,2 510,6 030,8 260,8 360,8 430;752 ;PORFOBILINOGENO EN ORINA;Amb;$105.66;;;;;$1166.34;$1272.00;01/04/26
2 210,2 310,2 410,2 450,2 510,6 030,8 260,8 360,8 430;752 ;PORFOBILINOGENO EN ORINA;Int;$133.74;;;;;$1480.98;$1614.72;01/04/26
2 025,2 110;758 ;PROGESTERONA PLASMATICA POR RADIOINMUNOENSAYO;Amb;$700.56;;;;;$8856.00;$9556.56;01/04/26
2 025,2 110;758 ;PROGESTERONA PLASMATICA POR RADIOINMUNOENSAYO;Int;$936.18;;;;;$11847.84;$12784.02;01/04/26
2 210,2 310,2 410,2 450,2 510,6 030,8 260,8 360,8 430;758 ;PROGESTERONA PLASMATICA POR RADIOINMUNOENSAYO;Amb;$700.56;;;;;$8856.00;$9556.56;01/04/26
2 210,2 310,2 410,2 450,2 510,6 030,8 260,8 360,8 430;758 ;PROGESTERONA PLASMATICA POR RADIOINMUNOENSAYO;Int;$936.18;;;;;$11847.84;$12784.02;01/04/26
2 025,2 110;759 ;PROLACTINA PLASMATICA POR RADIOINMUNOENSAYO - PRL;Amb;$700.56;;;;;$6642.00;$7342.56;01/04/26
2 025,2 110;759 ;PROLACTINA PLASMATICA POR RADIOINMUNOENSAYO - PRL;Int;$936.18;;;;;$8885.88;$9822.06;01/04/26
2 210,2 310,2 410,2 450,2 510,6 030,8 260,8 360,8 430;759 ;PROLACTINA PLASMATICA POR RADIOINMUNOENSAYO - PRL;Amb;$700.56;;;;;$6642.00;$7342.56;01/04/26
2 210,2 310,2 410,2 450,2 510,6 030,8 260,8 360,8 430;759 ;PROLACTINA PLASMATICA POR RADIOINMUNOENSAYO - PRL;Int;$936.18;;;;;$8885.88;$9822.06;01/04/26
2 025,2 110;761 ;PROTEINA C REACTIVA;Amb;$52.83;;;;;$1166.34;$1219.17;01/04/26
2 025,2 110;761 ;PROTEINA C REACTIVA;Int;$66.87;;;;;$1480.98;$1547.85;01/04/26
2 210,2 310,2 410,2 450,2 510,6 030,8 260,8 360,8 430;761 ;PROTEINA C REACTIVA;Amb;$52.83;;;;;$1166.34;$1219.17;01/04/26
2 210,2 310,2 410,2 450,2 510,6 030,8 260,8 360,8 430;761 ;PROTEINA C REACTIVA;Int;$66.87;;;;;$1480.98;$1547.85;01/04/26
2 025,2 110;762 ;PROTEINAS FRACCIONADAS GLOBULINAS/ALBUMINA;Amb;$105.66;;;;;$583.17;$688.83;01/04/26
2 025,2 110;762 ;PROTEINAS FRACCIONADAS GLOBULINAS/ALBUMINA;Int;$133.74;;;;;$740.49;$874.23;01/04/26
2 210,2 310,2 410,2 450,2 510,6 030,8 260,8 360,8 430;762 ;PROTEINAS FRACCIONADAS GLOBULINAS/ALBUMINA;Amb;$105.66;;;;;$583.17;$688.83;01/04/26
2 210,2 310,2 410,2 450,2 510,6 030,8 260,8 360,8 430;762 ;PROTEINAS FRACCIONADAS GLOBULINAS/ALBUMINA;Int;$133.74;;;;;$740.49;$874.23;01/04/26
2 025,2 110;763 ;PROTEINAS TOTALES;Amb;$52.83;;;;;$583.17;$636.00;01/04/26
2 025,2 110;763 ;PROTEINAS TOTALES;Int;$66.87;;;;;$740.49;$807.36;01/04/26
2 210,2 310,2 410,2 450,2 510,6 030,8 260,8 360,8 430;763 ;PROTEINAS TOTALES;Amb;$52.83;;;;;$583.17;$636.00;01/04/26
2 210,2 310,2 410,2 450,2 510,6 030,8 260,8 360,8 430;763 ;PROTEINAS TOTALES;Int;$66.87;;;;;$740.49;$807.36;01/04/26
2 025,2 110;764 ;MODULO DE PROTEINOGRAMA EN ACETATO DE CELULOSA ELECTROFORESIS -SUERO-;Amb;;;;;;;$2596.68;01/04/26
2 025,2 110;764 ;MODULO DE PROTEINOGRAMA EN ACETATO DE CELULOSA ELECTROFORESIS -SUERO-;Int;$401.22;;;;;$2024.01;$2425.23;01/04/26
2 210,2 310,2 410,2 450,2 510,6 030,8 260,8 360,8 430;764 ;MODULO DE PROTEINOGRAMA EN ACETATO DE CELULOSA ELECTROFORESIS -SUERO-;Amb;;;;;;;$2596.68;01/04/26
2 210,2 310,2 410,2 450,2 510,6 030,8 260,8 360,8 430;764 ;MODULO DE PROTEINOGRAMA EN ACETATO DE CELULOSA ELECTROFORESIS -SUERO-;Int;$401.22;;;;;$2024.01;$2425.23;01/04/26
2 025,2 110;767 ;PROTEINURIA-ALBUMINURIA;Amb;$52.83;;;;;$388.78;$441.61;01/04/26
2 025,2 110;767 ;PROTEINURIA-ALBUMINURIA;Int;$66.87;;;;;$493.66;$560.53;01/04/26
2 210,2 310,2 410,2 450,2 510,6 030,8 260,8 360,8 430;767 ;PROTEINURIA-ALBUMINURIA;Amb;$52.83;;;;;$388.78;$441.61;01/04/26
2 210,2 310,2 410,2 450,2 510,6 030,8 260,8 360,8 430;767 ;PROTEINURIA-ALBUMINURIA;Int;$66.87;;;;;$493.66;$560.53;01/04/26
2 025,2 110;768 ;PROTOPORFIRINAS;Amb;$158.49;;;;;$777.56;$936.05;01/04/26
2 025,2 110;768 ;PROTOPORFIRINAS;Int;$200.61;;;;;$987.32;$1187.93;01/04/26
2 210,2 310,2 410,2 450,2 510,6 030,8 260,8 360,8 430;768 ;PROTOPORFIRINAS;Amb;$158.49;;;;;$777.56;$936.05;01/04/26
2 210,2 310,2 410,2 450,2 510,6 030,8 260,8 360,8 430;768 ;PROTOPORFIRINAS;Int;$200.61;;;;;$987.32;$1187.93;01/04/26
2 025,2 110;813 ;RH - FACTOR D-MAYUSCULA-;Amb;$158.49;;;;;$583.17;$741.66;01/04/26
2 025,2 110;813 ;RH - FACTOR D-MAYUSCULA-;Int;$200.61;;;;;$740.49;$941.10;01/04/26
2 210,2 310,2 410,2 450,2 510,6 030,8 260,8 360,8 430;813 ;RH - FACTOR D-MAYUSCULA-;Amb;$158.49;;;;;$583.17;$741.66;01/04/26
2 210,2 310,2 410,2 450,2 510,6 030,8 260,8 360,8 430;813 ;RH - FACTOR D-MAYUSCULA-;Int;$200.61;;;;;$740.49;$941.10;01/04/26
2 025,2 110;818 ;RETICULOCITOS RECUENTO DE;Amb;;;;;;;$1599.19;01/04/26
2 025,2 110;818 ;RETICULOCITOS RECUENTO DE;Int;$66.87;;;;;$493.66;$560.53;01/04/26
2 210,2 310,2 410,2 450,2 510,6 030,8 260,8 360,8 430;818 ;RETICULOCITOS RECUENTO DE;Amb;;;;;;;$1599.19;01/04/26
2 210,2 310,2 410,2 450,2 510,6 030,8 260,8 360,8 430;818 ;RETICULOCITOS RECUENTO DE;Int;$66.87;;;;;$493.66;$560.53;01/04/26
2 025,2 110;820 ;ROSSE RAGAN PRUEBA DE;Amb;$264.15;;;;;$777.56;$1041.71;01/04/26
2 025,2 110;820 ;ROSSE RAGAN PRUEBA DE;Int;$334.35;;;;;$987.32;$1321.67;01/04/26
2 210,2 310,2 410,2 450,2 510,6 030,8 260,8 360,8 430;820 ;ROSSE RAGAN PRUEBA DE;Amb;$264.15;;;;;$777.56;$1041.71;01/04/26
2 210,2 310,2 410,2 450,2 510,6 030,8 260,8 360,8 430;820 ;ROSSE RAGAN PRUEBA DE;Int;$334.35;;;;;$987.32;$1321.67;01/04/26
2 025,2 110;832 ;SALMONELLA ANTICUERPOS INMUNOFLUORESCENCIA;Amb;$602.26;;;;;$2332.68;$2934.94;01/04/26
2 025,2 110;832 ;SALMONELLA ANTICUERPOS INMUNOFLUORESCENCIA;Int;$762.32;;;;;$2961.96;$3724.28;01/04/26
2 210,2 310,2 410,2 450,2 510,6 030,8 260,8 360,8 430;832 ;SALMONELLA ANTICUERPOS INMUNOFLUORESCENCIA;Amb;$602.26;;;;;$2332.68;$2934.94;01/04/26
2 210,2 310,2 410,2 450,2 510,6 030,8 260,8 360,8 430;832 ;SALMONELLA ANTICUERPOS INMUNOFLUORESCENCIA;Int;$762.32;;;;;$2961.96;$3724.28;01/04/26
2 025,2 110;835 ;SEROTONINA PLASMATICA POR RADIOINMUNOENSAYO;Amb;$700.56;;;;;$6642.00;$7342.56;01/04/26
2 025,2 110;835 ;SEROTONINA PLASMATICA POR RADIOINMUNOENSAYO;Int;$936.18;;;;;$8885.88;$9822.06;01/04/26
2 210,2 310,2 410,2 450,2 510,6 030,8 260,8 360,8 430;835 ;SEROTONINA PLASMATICA POR RADIOINMUNOENSAYO;Amb;$700.56;;;;;$6642.00;$7342.56;01/04/26
2 210,2 310,2 410,2 450,2 510,6 030,8 260,8 360,8 430;835 ;SEROTONINA PLASMATICA POR RADIOINMUNOENSAYO;Int;$936.18;;;;;$8885.88;$9822.06;01/04/26
2 025,2 110;837 ;SIDEROFILINA CAPACIDAD DE SATURACION - TRANSFERRINA SATURACION DE TRANSFERRINA;Amb;$237.74;;;;;$777.56;$1015.30;01/04/26
2 025,2 110;837 ;SIDEROFILINA CAPACIDAD DE SATURACION - TRANSFERRINA SATURACION DE TRANSFERRINA;Int;$300.92;;;;;$987.32;$1288.24;01/04/26
2 210,2 310,2 410,2 450,2 510,6 030,8 260,8 360,8 430;837 ;SIDEROFILINA CAPACIDAD DE SATURACION - TRANSFERRINA SATURACION DE TRANSFERRINA;Amb;$237.74;;;;;$777.56;$1015.30;01/04/26
2 210,2 310,2 410,2 450,2 510,6 030,8 260,8 360,8 430;837 ;SIDEROFILINA CAPACIDAD DE SATURACION - TRANSFERRINA SATURACION DE TRANSFERRINA;Int;$300.92;;;;;$987.32;$1288.24;01/04/26
2 025,2 110;863 ;TESTOSTERONA PLASMATICA O URINARIA POR RADIOINMUNOENSAYO-CADA DETERMINACION-;Amb;$950.76;;;;;$8856.00;$9806.76;01/04/26
2 025,2 110;863 ;TESTOSTERONA PLASMATICA O URINARIA POR RADIOINMUNOENSAYO-CADA DETERMINACION-;Int;$1270.53;;;;;$11847.84;$13118.37;01/04/26
2 210,2 310,2 410,2 450,2 510,6 030,8 260,8 360,8 430;863 ;TESTOSTERONA PLASMATICA O URINARIA POR RADIOINMUNOENSAYO-CADA DETERMINACION-;Amb;$950.76;;;;;$8856.00;$9806.76;01/04/26
2 210,2 310,2 410,2 450,2 510,6 030,8 260,8 360,8 430;863 ;TESTOSTERONA PLASMATICA O URINARIA POR RADIOINMUNOENSAYO-CADA DETERMINACION-;Int;$1270.53;;;;;$11847.84;$13118.37;01/04/26
2 025,2 110;865 ;TIROTROFINA PLASMATICA POR RADIOINMUNOENSAYO - TSH;Amb;$700.56;;;;;$6642.00;$7342.56;01/04/26
2 025,2 110;865 ;TIROTROFINA PLASMATICA POR RADIOINMUNOENSAYO - TSH;Int;$936.18;;;;;$8885.88;$9822.06;01/04/26
2 210,2 310,2 410,2 450,2 510,6 030,8 260,8 360,8 430;865 ;TIROTROFINA PLASMATICA POR RADIOINMUNOENSAYO - TSH;Amb;$700.56;;;;;$6642.00;$7342.56;01/04/26
2 210,2 310,2 410,2 450,2 510,6 030,8 260,8 360,8 430;865 ;TIROTROFINA PLASMATICA POR RADIOINMUNOENSAYO - TSH;Int;$936.18;;;;;$8885.88;$9822.06;01/04/26
2 025,2 110;866 ;TIROXINA TOTAL -T4- POR RADIOINMUNOENSAYO;Amb;$550.44;;;;;$5166.00;$5716.44;01/04/26
2 025,2 110;866 ;TIROXINA TOTAL -T4- POR RADIOINMUNOENSAYO;Int;$735.57;;;;;$6911.24;$7646.81;01/04/26
2 210,2 310,2 410,2 450,2 510,6 030,8 260,8 360,8 430;866 ;TIROXINA TOTAL -T4- POR RADIOINMUNOENSAYO;Amb;$550.44;;;;;$5166.00;$5716.44;01/04/26
2 210,2 310,2 410,2 450,2 510,6 030,8 260,8 360,8 430;866 ;TIROXINA TOTAL -T4- POR RADIOINMUNOENSAYO;Int;$735.57;;;;;$6911.24;$7646.81;01/04/26
2 025,2 110;867 ;TIROXINA EFECTIVA -ETR- POR RADIOINMUNOENSAYO;Amb;$550.44;;;;;$5166.00;$5716.44;01/04/26
2 025,2 110;867 ;TIROXINA EFECTIVA -ETR- POR RADIOINMUNOENSAYO;Int;$735.57;;;;;$6911.24;$7646.81;01/04/26
2 210,2 310,2 410,2 450,2 510,6 030,8 260,8 360,8 430;867 ;TIROXINA EFECTIVA -ETR- POR RADIOINMUNOENSAYO;Amb;$550.44;;;;;$5166.00;$5716.44;01/04/26
2 210,2 310,2 410,2 450,2 510,6 030,8 260,8 360,8 430;867 ;TIROXINA EFECTIVA -ETR- POR RADIOINMUNOENSAYO;Int;$735.57;;;;;$6911.24;$7646.81;01/04/26
2 025,2 110;870 ;TOXOPLASMOSIS HEMOAGLUTINACION;Amb;$475.47;;;;;$1555.12;$2030.59;01/04/26
2 025,2 110;870 ;TOXOPLASMOSIS HEMOAGLUTINACION;Int;$601.83;;;;;$1974.64;$2576.47;01/04/26
2 210,2 310,2 410,2 450,2 510,6 030,8 260,8 360,8 430;870 ;TOXOPLASMOSIS HEMOAGLUTINACION;Amb;$475.47;;;;;$1555.12;$2030.59;01/04/26
2 210,2 310,2 410,2 450,2 510,6 030,8 260,8 360,8 430;870 ;TOXOPLASMOSIS HEMOAGLUTINACION;Int;$601.83;;;;;$1974.64;$2576.47;01/04/26
2 025,2 110;871 ;TOXOPLASMOSIS INMUNOFLUORESCENCIA -GAMMA ESPECIFICA- / ELISA;Amb;;;;;;;$3801.73;01/04/26
2 025,2 110;871 ;TOXOPLASMOSIS INMUNOFLUORESCENCIA -GAMMA ESPECIFICA- / ELISA;Int;$762.32;;;;;$2961.96;$3724.28;01/04/26
2 210,2 310,2 410,2 450,2 510,6 030,8 260,8 360,8 430;871 ;TOXOPLASMOSIS INMUNOFLUORESCENCIA -GAMMA ESPECIFICA- / ELISA;Amb;;;;;;;$3801.73;01/04/26
2 210,2 310,2 410,2 450,2 510,6 030,8 260,8 360,8 430;871 ;TOXOPLASMOSIS INMUNOFLUORESCENCIA -GAMMA ESPECIFICA- / ELISA;Int;$762.32;;;;;$2961.96;$3724.28;01/04/26
2 025,2 110;873 ;TRANSAMINASA GLUTAMICO OXALACETICA;Amb;$158.49;;;;;$933.07;$1091.56;01/04/26
2 025,2 110;873 ;TRANSAMINASA GLUTAMICO OXALACETICA;Int;$200.61;;;;;$1184.78;$1385.39;01/04/26
2 210,2 310,2 410,2 450,2 510,6 030,8 260,8 360,8 430;873 ;TRANSAMINASA GLUTAMICO OXALACETICA;Amb;$158.49;;;;;$933.07;$1091.56;01/04/26
2 210,2 310,2 410,2 450,2 510,6 030,8 260,8 360,8 430;873 ;TRANSAMINASA GLUTAMICO OXALACETICA;Int;$200.61;;;;;$1184.78;$1385.39;01/04/26
2 025,2 110;874 ;TRANSAMINASA GLUTAMICO PIRUVICA;Amb;$158.49;;;;;$933.07;$1091.56;01/04/26
2 025,2 110;874 ;TRANSAMINASA GLUTAMICO PIRUVICA;Int;$200.61;;;;;$1184.78;$1385.39;01/04/26
2 210,2 310,2 410,2 450,2 510,6 030,8 260,8 360,8 430;874 ;TRANSAMINASA GLUTAMICO PIRUVICA;Amb;$158.49;;;;;$933.07;$1091.56;01/04/26
2 210,2 310,2 410,2 450,2 510,6 030,8 260,8 360,8 430;874 ;TRANSAMINASA GLUTAMICO PIRUVICA;Int;$200.61;;;;;$1184.78;$1385.39;01/04/26
2 025,2 110;875 ;TRANSFERRINA INMUNODIFUSION CUANTITATIVA;Amb;$200.75;;;;;$2332.68;$2533.43;01/04/26
2 025,2 110;875 ;TRANSFERRINA INMUNODIFUSION CUANTITATIVA;Int;$254.11;;;;;$2961.96;$3216.07;01/04/26
2 210,2 310,2 410,2 450,2 510,6 030,8 260,8 360,8 430;875 ;TRANSFERRINA INMUNODIFUSION CUANTITATIVA;Amb;$200.75;;;;;$2332.68;$2533.43;01/04/26
2 210,2 310,2 410,2 450,2 510,6 030,8 260,8 360,8 430;875 ;TRANSFERRINA INMUNODIFUSION CUANTITATIVA;Int;$254.11;;;;;$2961.96;$3216.07;01/04/26
2 025,2 110;876 ;TRIGLICERIDOS;Amb;$158.49;;;;;$1555.12;$1713.61;01/04/26
2 025,2 110;876 ;TRIGLICERIDOS;Int;$200.61;;;;;$1974.64;$2175.25;01/04/26
2 210,2 310,2 410,2 450,2 510,6 030,8 260,8 360,8 430;876 ;TRIGLICERIDOS;Amb;$158.49;;;;;$1555.12;$1713.61;01/04/26
2 210,2 310,2 410,2 450,2 510,6 030,8 260,8 360,8 430;876 ;TRIGLICERIDOS;Int;$200.61;;;;;$1974.64;$2175.25;01/04/26
2 025,2 110;877 ;TRIIODOTIRONINA -T3- UPTAKE POR RADIOINMUNOENSAYO;Amb;$550.44;;;;;$5166.00;$5716.44;01/04/26
2 025,2 110;877 ;TRIIODOTIRONINA -T3- UPTAKE POR RADIOINMUNOENSAYO;Int;$735.57;;;;;$6911.24;$7646.81;01/04/26
2 210,2 310,2 410,2 450,2 510,6 030,8 260,8 360,8 430;877 ;TRIIODOTIRONINA -T3- UPTAKE POR RADIOINMUNOENSAYO;Amb;$550.44;;;;;$5166.00;$5716.44;01/04/26
2 210,2 310,2 410,2 450,2 510,6 030,8 260,8 360,8 430;877 ;TRIIODOTIRONINA -T3- UPTAKE POR RADIOINMUNOENSAYO;Int;$735.57;;;;;$6911.24;$7646.81;01/04/26
2 025,2 110;878 ;TRIIODOTRONINA TOTAL -TT3- POR RADIOINMUNOENSAYO;Amb;$550.44;;;;;$5166.00;$5716.44;01/04/26
2 025,2 110;878 ;TRIIODOTRONINA TOTAL -TT3- POR RADIOINMUNOENSAYO;Int;$735.57;;;;;$6911.24;$7646.81;01/04/26
2 210,2 310,2 410,2 450,2 510,6 030,8 260,8 360,8 430;878 ;TRIIODOTRONINA TOTAL -TT3- POR RADIOINMUNOENSAYO;Amb;$550.44;;;;;$5166.00;$5716.44;01/04/26
2 210,2 310,2 410,2 450,2 510,6 030,8 260,8 360,8 430;878 ;TRIIODOTRONINA TOTAL -TT3- POR RADIOINMUNOENSAYO;Int;$735.57;;;;;$6911.24;$7646.81;01/04/26
2 025,2 110;901 ;UREA CLEARANCE;Amb;$211.32;;;;;$777.56;$988.88;01/04/26
2 025,2 110;901 ;UREA CLEARANCE;Int;$267.48;;;;;$987.32;$1254.80;01/04/26
2 210,2 310,2 410,2 450,2 510,6 030,8 260,8 360,8 430;901 ;UREA CLEARANCE;Amb;$211.32;;;;;$777.56;$988.88;01/04/26
2 210,2 310,2 410,2 450,2 510,6 030,8 260,8 360,8 430;901 ;UREA CLEARANCE;Int;$267.48;;;;;$987.32;$1254.80;01/04/26
2 025,2 110;902 ;UREMIA-AZOEMIA;Amb;$105.66;;;;;$466.54;$572.20;01/04/26
2 025,2 110;902 ;UREMIA-AZOEMIA;Int;$133.74;;;;;$592.39;$726.13;01/04/26
2 210,2 310,2 410,2 450,2 510,6 030,8 260,8 360,8 430;902 ;UREMIA-AZOEMIA;Amb;$105.66;;;;;$466.54;$572.20;01/04/26
2 210,2 310,2 410,2 450,2 510,6 030,8 260,8 360,8 430;902 ;UREMIA-AZOEMIA;Int;$133.74;;;;;$592.39;$726.13;01/04/26
2 025,2 110;903 ;MODULO URETRAL EXUDADO O FLUJO;Amb;$158.49;;;;;$583.17;$741.66;01/04/26
2 025,2 110;903 ;MODULO URETRAL EXUDADO O FLUJO;Int;$200.61;;;;;$740.49;$941.10;01/04/26
2 210,2 310,2 410,2 450,2 510,6 030,8 260,8 360,8 430;903 ;MODULO URETRAL EXUDADO O FLUJO;Amb;$158.49;;;;;$583.17;$741.66;01/04/26
2 210,2 310,2 410,2 450,2 510,6 030,8 260,8 360,8 430;903 ;MODULO URETRAL EXUDADO O FLUJO;Int;$200.61;;;;;$740.49;$941.10;01/04/26
2 025,2 110;904 ;URICEMIA;Amb;$105.66;;;;;$894.19;$999.85;01/04/26
2 025,2 110;904 ;URICEMIA;Int;$133.74;;;;;$1135.42;$1269.16;01/04/26
2 210,2 310,2 410,2 450,2 510,6 030,8 260,8 360,8 430;904 ;URICEMIA;Amb;$105.66;;;;;$894.19;$999.85;01/04/26
2 210,2 310,2 410,2 450,2 510,6 030,8 260,8 360,8 430;904 ;URICEMIA;Int;$133.74;;;;;$1135.42;$1269.16;01/04/26
2 025,2 110;905 ;URICO ACIDO EN ORINA;Amb;$105.66;;;;;$777.56;$883.22;01/04/26
2 025,2 110;905 ;URICO ACIDO EN ORINA;Int;$133.74;;;;;$987.32;$1121.06;01/04/26
2 210,2 310,2 410,2 450,2 510,6 030,8 260,8 360,8 430;905 ;URICO ACIDO EN ORINA;Amb;$105.66;;;;;$777.56;$883.22;01/04/26
2 210,2 310,2 410,2 450,2 510,6 030,8 260,8 360,8 430;905 ;URICO ACIDO EN ORINA;Int;$133.74;;;;;$987.32;$1121.06;01/04/26
2 025,2 110;931 ;MODULO DE EXUDADO O FLUJO VAGINA;Amb;$211.32;;;;;$777.56;$988.88;01/04/26
2 025,2 110;931 ;MODULO DE EXUDADO O FLUJO VAGINA;Int;$267.48;;;;;$987.32;$1254.80;01/04/26
2 210,2 310,2 410,2 450,2 510,6 030,8 260,8 360,8 430;931 ;MODULO DE EXUDADO O FLUJO VAGINA;Amb;$211.32;;;;;$777.56;$988.88;01/04/26
2 210,2 310,2 410,2 450,2 510,6 030,8 260,8 360,8 430;931 ;MODULO DE EXUDADO O FLUJO VAGINA;Int;$267.48;;;;;$987.32;$1254.80;01/04/26
2 025,2 110;933 ;V D R L CUALITATIVA - PAGNIEX, CUALITATIVA-;Amb;$105.66;;;;;$777.56;$883.22;01/04/26
2 025,2 110;933 ;V D R L CUALITATIVA - PAGNIEX, CUALITATIVA-;Int;$133.74;;;;;$987.32;$1121.06;01/04/26
2 210,2 310,2 410,2 450,2 510,6 030,8 260,8 360,8 430;933 ;V D R L CUALITATIVA - PAGNIEX, CUALITATIVA-;Amb;$105.66;;;;;$777.56;$883.22;01/04/26
2 210,2 310,2 410,2 450,2 510,6 030,8 260,8 360,8 430;933 ;V D R L CUALITATIVA - PAGNIEX, CUALITATIVA-;Int;$133.74;;;;;$987.32;$1121.06;01/04/26
2 025,2 110;934 ;V D R L CUANTITATIVA - PAGNIEZ, CUALITATIVA.;Amb;$105.66;;;;;$1166.34;$1272.00;01/04/26
2 025,2 110;934 ;V D R L CUANTITATIVA - PAGNIEZ, CUALITATIVA.;Int;$133.74;;;;;$1480.98;$1614.72;01/04/26
2 210,2 310,2 410,2 450,2 510,6 030,8 260,8 360,8 430;934 ;V D R L CUANTITATIVA - PAGNIEZ, CUALITATIVA.;Amb;$105.66;;;;;$1166.34;$1272.00;01/04/26
2 210,2 310,2 410,2 450,2 510,6 030,8 260,8 360,8 430;934 ;V D R L CUANTITATIVA - PAGNIEZ, CUALITATIVA.;Int;$133.74;;;;;$1480.98;$1614.72;01/04/26
2 025,2 110;982 ;ZINC SERICO;Amb;$369.81;;;;;$1166.34;$1536.15;01/04/26
2 025,2 110;982 ;ZINC SERICO;Int;$468.09;;;;;$1480.98;$1949.07;01/04/26
2 210,2 310,2 410,2 450,2 510,6 030,8 260,8 360,8 430;982 ;ZINC SERICO;Amb;$369.81;;;;;$1166.34;$1536.15;01/04/26
2 210,2 310,2 410,2 450,2 510,6 030,8 260,8 360,8 430;982 ;ZINC SERICO;Int;$468.09;;;;;$1480.98;$1949.07;01/04/26
2 025,2 110;6002 ;VITAMINA D, 25(OH) (COMPETICION PROTEICA).;Ambos;;;;;;;$9262.29;01/04/26
2 210,2 310,2 410,2 450,2 510,6 030,8 260,8 360,8 430;6002 ;VITAMINA D, 25(OH) (COMPETICION PROTEICA).;Ambos;;;;;;;$9262.29;01/04/26
2 025,2 110;6014 ;VALPROICO, ACIDO(VALPROATO) (FPIA/HPLC);Amb;;;;;;;$7726.08;01/04/26
2 210,2 310,2 410,2 450,2 510,6 030,8 260,8 360,8 430;6014 ;VALPROICO, ACIDO(VALPROATO) (FPIA/HPLC);Amb;;;;;;;$7726.08;01/04/26
2 025,2 110;6028 ;PROSTATICO ESPECIF-AG-PSA TOTAL;Amb;;;;;;;$8672.77;01/04/26
2 210,2 310,2 410,2 450,2 510,6 030,8 260,8 360,8 430;6028 ;PROSTATICO ESPECIF-AG-PSA TOTAL;Amb;;;;;;;$8672.77;01/04/26
2 025,2 110;6029 ;APOLIPOPROTEINA A (APO A);Amb;;;;;;;$6016.28;01/04/26
2 210,2 310,2 410,2 450,2 510,6 030,8 260,8 360,8 430;6029 ;APOLIPOPROTEINA A (APO A);Amb;;;;;;;$6016.28;01/04/26
2 025,2 110;6030 ;APOLIPOPROTEINA B (APO B);Amb;;;;;;;$6016.28;01/04/26
2 210,2 310,2 410,2 450,2 510,6 030,8 260,8 360,8 430;6030 ;APOLIPOPROTEINA B (APO B);Amb;;;;;;;$6016.28;01/04/26
2 025,2 110;6038 ;CA 125 (MARCADOR OVARICO) (RIE);Amb;;;;;;;$18043.85;01/04/26
2 210,2 310,2 410,2 450,2 510,6 030,8 260,8 360,8 430;6038 ;CA 125 (MARCADOR OVARICO) (RIE);Amb;;;;;;;$18043.85;01/04/26
2 025,2 110;6039 ;CA 15-3 (MARCADOR MAMA) (RIE);Amb;;;;;;;$18043.85;01/04/26
2 210,2 310,2 410,2 450,2 510,6 030,8 260,8 360,8 430;6039 ;CA 15-3 (MARCADOR MAMA) (RIE);Amb;;;;;;;$18043.85;01/04/26
2 025,2 110;6040 ;CA 19-9 (MARCADOR INTESTINAL) (RIE);Amb;;;;;;;$18043.85;01/04/26
2 210,2 310,2 410,2 450,2 510,6 030,8 260,8 360,8 430;6040 ;CA 19-9 (MARCADOR INTESTINAL) (RIE);Amb;;;;;;;$18043.85;01/04/26
2 025,2 110;6042 ;CPK-MB (ENZIMATICO);Amb;;;;;;;$4313.90;01/04/26
2 210,2 310,2 410,2 450,2 510,6 030,8 260,8 360,8 430;6042 ;CPK-MB (ENZIMATICO);Amb;;;;;;;$4313.90;01/04/26
2 025,2 110;6066 ;SUBUNIDAD BETA DE GONADOTROPINA CORIONICA (CUALITATIVA),HCG;Amb;;;;;;;$3326.28;01/04/26
2 210,2 310,2 410,2 450,2 510,6 030,8 260,8 360,8 430;6066 ;SUBUNIDAD BETA DE GONADOTROPINA CORIONICA (CUALITATIVA),HCG;Amb;;;;;;;$3326.28;01/04/26
2 025,2 110;6070 ;DIFENILHIDANTOINA (FENITOINA) (HPLC);Amb;;;;;;;$7726.08;01/04/26
2 210,2 310,2 410,2 450,2 510,6 030,8 260,8 360,8 430;6070 ;DIFENILHIDANTOINA (FENITOINA) (HPLC);Amb;;;;;;;$7726.08;01/04/26
2 025,2 110;6083 ;FENOBARBITAL (FPIA/HPLC);Amb;;;;;;;$7726.08;01/04/26
2 210,2 310,2 410,2 450,2 510,6 030,8 260,8 360,8 430;6083 ;FENOBARBITAL (FPIA/HPLC);Amb;;;;;;;$7726.08;01/04/26
2 025,2 110;6085 ;FERRITINA (EIA/RIE);Amb;;;;;;;$7726.08;01/04/26
2 210,2 310,2 410,2 450,2 510,6 030,8 260,8 360,8 430;6085 ;FERRITINA (EIA/RIE);Amb;;;;;;;$7726.08;01/04/26
2 025,2 110;6091 ;FRUCTOSAMINA (COLORIMETRICO);Amb;;;;;;;$5561.33;01/04/26
2 210,2 310,2 410,2 450,2 510,6 030,8 260,8 360,8 430;6091 ;FRUCTOSAMINA (COLORIMETRICO);Amb;;;;;;;$5561.33;01/04/26
2 025,2 110;6094 ;HDL COLESTEROL (ENZIMATICO);Amb;;;;;;;$2100.39;01/04/26
2 210,2 310,2 410,2 450,2 510,6 030,8 260,8 360,8 430;6094 ;HDL COLESTEROL (ENZIMATICO);Amb;;;;;;;$2100.39;01/04/26
2 025,2 110;6098 ;HEMOGLOBINA GLICOSILADA (CROMATOGR./EIA);Amb;;;;;;;$2783.69;01/04/26
2 210,2 310,2 410,2 450,2 510,6 030,8 260,8 360,8 430;6098 ;HEMOGLOBINA GLICOSILADA (CROMATOGR./EIA);Amb;;;;;;;$2783.69;01/04/26
2 025,2 110;6116 ;MICROALBUMINURIA (RIE);Amb;;;;;;;$10321.09;01/04/26
2 210,2 310,2 410,2 450,2 510,6 030,8 260,8 360,8 430;6116 ;MICROALBUMINURIA (RIE);Amb;;;;;;;$10321.09;01/04/26
2 025,2 110;6121 ;NORADRENALINA (NOREPINEFRINA) PLASMATICA (HPLC);Amb;;;;;;;$15453.11;01/04/26
2 210,2 310,2 410,2 450,2 510,6 030,8 260,8 360,8 430;6121 ;NORADRENALINA (NOREPINEFRINA) PLASMATICA (HPLC);Amb;;;;;;;$15453.11;01/04/26
2 025,2 110;6135 ;SUBUNIDAD BETA GONADOTROFINA CORIONICA(BHCG)(CUALI/CUANTI) (EIA/RIE);Amb;;;;;;;$7404.47;01/04/26
2 210,2 310,2 410,2 450,2 510,6 030,8 260,8 360,8 430;6135 ;SUBUNIDAD BETA GONADOTROFINA CORIONICA(BHCG)(CUALI/CUANTI) (EIA/RIE);Amb;;;;;;;$7404.47;01/04/26
2 025,2 110;6203 ;CHLAMYDIA TRACHOMATIS,AC IGG (IFI);Amb;;;;;;;$12040.10;01/04/26
2 210,2 310,2 410,2 450,2 510,6 030,8 260,8 360,8 430;6203 ;CHLAMYDIA TRACHOMATIS,AC IGG (IFI);Amb;;;;;;;$12040.10;01/04/26
2 025,2 110;6207 ;CHLAMYDIA TRACHOMATIS-AISLAMIENTO (CULTIVO);Amb;;;;;;;$10321.09;01/04/26
2 210,2 310,2 410,2 450,2 510,6 030,8 260,8 360,8 430;6207 ;CHLAMYDIA TRACHOMATIS-AISLAMIENTO (CULTIVO);Amb;;;;;;;$10321.09;01/04/26
2 025,2 110;6227 ;MICOPLASMA HOMINIS-UREAPLASMA UREALYTICUM,AISLAMIENTO. (CULTIVO);Amb;;;;;;;$10321.09;01/04/26
2 210,2 310,2 410,2 450,2 510,6 030,8 260,8 360,8 430;6227 ;MICOPLASMA HOMINIS-UREAPLASMA UREALYTICUM,AISLAMIENTO. (CULTIVO);Amb;;;;;;;$10321.09;01/04/26
2 025,2 110;6239 ;STREPTOCOCCUS B HEMOLITICO(RAPIDO) - EXUDADO DE FAUCES TEST RAPIDO - (AGLUTINACION);Amb;;;;;;;$6016.28;01/04/26
2 210,2 310,2 410,2 450,2 510,6 030,8 260,8 360,8 430;6239 ;STREPTOCOCCUS B HEMOLITICO(RAPIDO) - EXUDADO DE FAUCES TEST RAPIDO - (AGLUTINACION);Amb;;;;;;;$6016.28;01/04/26
2 025,2 110;6253 ;HIDROXIPROGESTERONA,17. (RIE);Amb;;;;;;;$6016.28;01/04/26
2 210,2 310,2 410,2 450,2 510,6 030,8 260,8 360,8 430;6253 ;HIDROXIPROGESTERONA,17. (RIE);Amb;;;;;;;$6016.28;01/04/26
2 025,2 110;6265 ;DEHIDROEPIANDROSTERONA,SULFATO DE(DHEA-S) (RIE);Amb;;;;;;;$7726.08;01/04/26
2 210,2 310,2 410,2 450,2 510,6 030,8 260,8 360,8 430;6265 ;DEHIDROEPIANDROSTERONA,SULFATO DE(DHEA-S) (RIE);Amb;;;;;;;$7726.08;01/04/26
2 025,2 110;6266 ;ANDROSTENEDIONA,DELTA 4. (RIE);Amb;;;;;;;$7726.08;01/04/26
2 210,2 310,2 410,2 450,2 510,6 030,8 260,8 360,8 430;6266 ;ANDROSTENEDIONA,DELTA 4. (RIE);Amb;;;;;;;$7726.08;01/04/26
2 025,2 110;6276 ;OSTEOCALCINA PLASMATICA (RIE);Amb;;;;;;;$17214.41;01/04/26
2 210,2 310,2 410,2 450,2 510,6 030,8 260,8 360,8 430;6276 ;OSTEOCALCINA PLASMATICA (RIE);Amb;;;;;;;$17214.41;01/04/26
2 025,2 110;6277 ;PEPTIDO C EN ORINA O SANGRE (RIE);Amb;;;;;;;$11597.36;01/04/26
2 210,2 310,2 410,2 450,2 510,6 030,8 260,8 360,8 430;6277 ;PEPTIDO C EN ORINA O SANGRE (RIE);Amb;;;;;;;$11597.36;01/04/26
2 025,2 110;6283 ;TESTOSTERONA BIODISPONIBLE. (RIE);Amb;;;;;;;$12040.10;01/04/26
2 210,2 310,2 410,2 450,2 510,6 030,8 260,8 360,8 430;6283 ;TESTOSTERONA BIODISPONIBLE. (RIE);Amb;;;;;;;$12040.10;01/04/26
2 025,2 110;6284 ;TESTOSTERONA URINARIA O LIBRE(RIE);Amb;;;;;;;$10321.09;01/04/26
2 210,2 310,2 410,2 450,2 510,6 030,8 260,8 360,8 430;6284 ;TESTOSTERONA URINARIA O LIBRE(RIE);Amb;;;;;;;$10321.09;01/04/26
2 025,2 110;6285 ;TIROGLOBULINA (RIE);Amb;;;;;;;$15453.11;01/04/26
2 210,2 310,2 410,2 450,2 510,6 030,8 260,8 360,8 430;6285 ;TIROGLOBULINA (RIE);Amb;;;;;;;$15453.11;01/04/26
2 025,2 110;6286 ;DNA DESNATURALIZADO,AC ANTI (IFI);Amb;;;;;;;$5858.54;01/04/26
2 210,2 310,2 410,2 450,2 510,6 030,8 260,8 360,8 430;6286 ;DNA DESNATURALIZADO,AC ANTI (IFI);Amb;;;;;;;$5858.54;01/04/26
2 025,2 110;6292 ;RNP, AC ANTI (ID);Amb;;;;;;;$8672.77;01/04/26
2 210,2 310,2 410,2 450,2 510,6 030,8 260,8 360,8 430;6292 ;RNP, AC ANTI (ID);Amb;;;;;;;$8672.77;01/04/26
2 025,2 110;6293 ;SSA(RO),AC ANTI (ID);Amb;;;;;;;$8672.77;01/04/26
2 210,2 310,2 410,2 450,2 510,6 030,8 260,8 360,8 430;6293 ;SSA(RO),AC ANTI (ID);Amb;;;;;;;$8672.77;01/04/26
2 025,2 110;6294 ;SSB(LA),AC ANTI (ID);Amb;;;;;;;$8672.77;01/04/26
2 210,2 310,2 410,2 450,2 510,6 030,8 260,8 360,8 430;6294 ;SSB(LA),AC ANTI (ID);Amb;;;;;;;$8672.77;01/04/26
2 025,2 110;6295 ;SCLERODERMIA 70 (SCL-70),AC ANTI (ID);Amb;;;;;;;$8672.77;01/04/26
2 210,2 310,2 410,2 450,2 510,6 030,8 260,8 360,8 430;6295 ;SCLERODERMIA 70 (SCL-70),AC ANTI (ID);Amb;;;;;;;$8672.77;01/04/26
2 025,2 110;6296 ;SM,AC ANTI (ID);Amb;;;;;;;$8672.77;01/04/26
2 210,2 310,2 410,2 450,2 510,6 030,8 260,8 360,8 430;6296 ;SM,AC ANTI (ID);Amb;;;;;;;$8672.77;01/04/26
2 025,2 110;6334 ;IGA SECRETORIA O EN FLUIDOS BIOLOGICOS NO SERICOS. (ID);Amb;;;;;;;$3037.63;01/04/26
2 210,2 310,2 410,2 450,2 510,6 030,8 260,8 360,8 430;6334 ;IGA SECRETORIA O EN FLUIDOS BIOLOGICOS NO SERICOS. (ID);Amb;;;;;;;$3037.63;01/04/26
2 025,2 110;6335 ;IGE(RAST),CADA ALERGENO (RIE);Amb;;;;;;;$7726.08;01/04/26
2 210,2 310,2 410,2 450,2 510,6 030,8 260,8 360,8 430;6335 ;IGE(RAST),CADA ALERGENO (RIE);Amb;;;;;;;$7726.08;01/04/26
2 025,2 110;6410 ;TOXOCARA CANNIS, CATIS IGG O IGM (EIA);Amb;;;;;;;$17331.48;01/04/26
2 210,2 310,2 410,2 450,2 510,6 030,8 260,8 360,8 430;6410 ;TOXOCARA CANNIS, CATIS IGG O IGM (EIA);Amb;;;;;;;$17331.48;01/04/26
2 025,2 110;6413 ;TOXOPLASMA GONDII,AC IGM O TEST DE REMINGTON (IFI);Amb;;;;;;;$2933.05;01/04/26
2 210,2 310,2 410,2 450,2 510,6 030,8 260,8 360,8 430;6413 ;TOXOPLASMA GONDII,AC IGM O TEST DE REMINGTON (IFI);Amb;;;;;;;$2933.05;01/04/26
2 025,2 110;6432 ;CITOMEGALOVIRUS(CMV),AC IGG (EIA/IFI);Amb;;;;;;;$10160.96;01/04/26
2 210,2 310,2 410,2 450,2 510,6 030,8 260,8 360,8 430;6432 ;CITOMEGALOVIRUS(CMV),AC IGG (EIA/IFI);Amb;;;;;;;$10160.96;01/04/26
2 025,2 110;6434 ;CITOMEGALOVIRUS(CMV),AC IGM (EIA/IFI);Amb;;;;;;;$10160.96;01/04/26
2 210,2 310,2 410,2 450,2 510,6 030,8 260,8 360,8 430;6434 ;CITOMEGALOVIRUS(CMV),AC IGM (EIA/IFI);Amb;;;;;;;$10160.96;01/04/26
2 025,2 110;6445 ;COXSACKIE A 4-7-9,AC (FC);Amb;;;;;;;$7726.08;01/04/26
2 210,2 310,2 410,2 450,2 510,6 030,8 260,8 360,8 430;6445 ;COXSACKIE A 4-7-9,AC (FC);Amb;;;;;;;$7726.08;01/04/26
2 025,2 110;6452 ;EPSTEIN BARR(EBV),AC ANTI VCA IGG (IFI);Amb;;;;;;;$14008.33;01/04/26
2 210,2 310,2 410,2 450,2 510,6 030,8 260,8 360,8 430;6452 ;EPSTEIN BARR(EBV),AC ANTI VCA IGG (IFI);Amb;;;;;;;$14008.33;01/04/26
2 025,2 110;6453 ;EPSTEIN BARR(EBV),AC ANTI VCA IGM (IFI);Amb;;;;;;;$14008.33;01/04/26
2 210,2 310,2 410,2 450,2 510,6 030,8 260,8 360,8 430;6453 ;EPSTEIN BARR(EBV),AC ANTI VCA IGM (IFI);Amb;;;;;;;$14008.33;01/04/26
2 025,2 110;6462 ;HEPATITIS A,AC ANTI HAV IGG (EIA/RIE);Amb;;;;;;;$7726.08;01/04/26
2 210,2 310,2 410,2 450,2 510,6 030,8 260,8 360,8 430;6462 ;HEPATITIS A,AC ANTI HAV IGG (EIA/RIE);Amb;;;;;;;$7726.08;01/04/26
2 025,2 110;6464 ;HEPATITIS A,AC ANTI HAV IGM (EIA/RIE);Amb;;;;;;;$8672.77;01/04/26
2 210,2 310,2 410,2 450,2 510,6 030,8 260,8 360,8 430;6464 ;HEPATITIS A,AC ANTI HAV IGM (EIA/RIE);Amb;;;;;;;$8672.77;01/04/26
2 025,2 110;6466 ;HEPATITIS B,AC ANTI CORE O ANTI CORE IGG (EIA/RIE);Amb;;;;;;;$7726.08;01/04/26
2 210,2 310,2 410,2 450,2 510,6 030,8 260,8 360,8 430;6466 ;HEPATITIS B,AC ANTI CORE O ANTI CORE IGG (EIA/RIE);Amb;;;;;;;$7726.08;01/04/26
2 025,2 110;6468 ;HEPATITIS B,AC ANTI CORE IGM (EIA/RIE);Amb;;;;;;;$8672.77;01/04/26
2 210,2 310,2 410,2 450,2 510,6 030,8 260,8 360,8 430;6468 ;HEPATITIS B,AC ANTI CORE IGM (EIA/RIE);Amb;;;;;;;$8672.77;01/04/26
2 025,2 110;6473 ;HEPATITIS B,AC ANTI HBS (EIA/RIE);Amb;;;;;;;$7726.08;01/04/26
2 210,2 310,2 410,2 450,2 510,6 030,8 260,8 360,8 430;6473 ;HEPATITIS B,AC ANTI HBS (EIA/RIE);Amb;;;;;;;$7726.08;01/04/26
2 025,2 110;6475 ;HEPATITIS B,HBEAG(AGE) (EIA/RIE);Amb;;;;;;;$8672.77;01/04/26
2 210,2 310,2 410,2 450,2 510,6 030,8 260,8 360,8 430;6475 ;HEPATITIS B,HBEAG(AGE) (EIA/RIE);Amb;;;;;;;$8672.77;01/04/26
2 025,2 110;6477 ;HEPATITIS B,HBSAG (EIA);Amb;;;;;;;$6016.28;01/04/26
2 210,2 310,2 410,2 450,2 510,6 030,8 260,8 360,8 430;6477 ;HEPATITIS B,HBSAG (EIA);Amb;;;;;;;$6016.28;01/04/26
2 025,2 110;6485 ;HEPATITIS C,AC O AC IGG, O AC IGG(2DA.GENERACION),ANTI C100-3, C33C Y CORE. - (EIA);Amb;;;;;;;$10321.09;01/04/26
2 210,2 310,2 410,2 450,2 510,6 030,8 260,8 360,8 430;6485 ;HEPATITIS C,AC O AC IGG, O AC IGG(2DA.GENERACION),ANTI C100-3, C33C Y CORE. - (EIA);Amb;;;;;;;$10321.09;01/04/26
2 025,2 110;6492 ;HERPES SIMPLEX I(HSV-I),AC IGG (EIA/IFI);Amb;;;;;;;$12040.10;01/04/26
2 210,2 310,2 410,2 450,2 510,6 030,8 260,8 360,8 430;6492 ;HERPES SIMPLEX I(HSV-I),AC IGG (EIA/IFI);Amb;;;;;;;$12040.10;01/04/26
2 025,2 110;6493 ;HERPES SIMPLEX I(HSV-I),AC IGM (EIA/IFI);Amb;;;;;;;$12040.10;01/04/26
2 210,2 310,2 410,2 450,2 510,6 030,8 260,8 360,8 430;6493 ;HERPES SIMPLEX I(HSV-I),AC IGM (EIA/IFI);Amb;;;;;;;$12040.10;01/04/26
2 025,2 110;6503 ;HERPES SIMPLEX II(HSV-II),AC IGG (EIA/IFI);Amb;;;;;;;$12040.10;01/04/26
2 210,2 310,2 410,2 450,2 510,6 030,8 260,8 360,8 430;6503 ;HERPES SIMPLEX II(HSV-II),AC IGG (EIA/IFI);Amb;;;;;;;$12040.10;01/04/26
2 025,2 110;6504 ;HERPES SIMPLEX II(HSV-II),AC IGM (EIA/IFI);Amb;;;;;;;$12040.10;01/04/26
2 210,2 310,2 410,2 450,2 510,6 030,8 260,8 360,8 430;6504 ;HERPES SIMPLEX II(HSV-II),AC IGM (EIA/IFI);Amb;;;;;;;$12040.10;01/04/26
2 025,2 110;6512 ;HIV, TEST CONFIRMATORIO (WESTERN BLOT / INMUNOBLOTING);Amb;;;;;;;$40644.50;01/04/26
2 210,2 310,2 410,2 450,2 510,6 030,8 260,8 360,8 430;6512 ;HIV, TEST CONFIRMATORIO (WESTERN BLOT / INMUNOBLOTING);Amb;;;;;;;$40644.50;01/04/26
2 025,2 110;6536 ;PAROTIDITIS,AC IGG (IFI);Amb;;;;;;;$12040.10;01/04/26
2 210,2 310,2 410,2 450,2 510,6 030,8 260,8 360,8 430;6536 ;PAROTIDITIS,AC IGG (IFI);Amb;;;;;;;$12040.10;01/04/26
2 025,2 110;6537 ;PAROTIDITIS,AC IGM (IFI);Amb;;;;;;;$12040.10;01/04/26
2 210,2 310,2 410,2 450,2 510,6 030,8 260,8 360,8 430;6537 ;PAROTIDITIS,AC IGM (IFI);Amb;;;;;;;$12040.10;01/04/26
2 025,2 110;6558 ;RUBEOLA,AC IGG (EIA);Amb;;;;;;;$7792.49;01/04/26
2 210,2 310,2 410,2 450,2 510,6 030,8 260,8 360,8 430;6558 ;RUBEOLA,AC IGG (EIA);Amb;;;;;;;$7792.49;01/04/26
2 025,2 110;6560 ;RUBEOLA,AC IGM (EIA);Amb;;;;;;;$7792.49;01/04/26
2 210,2 310,2 410,2 450,2 510,6 030,8 260,8 360,8 430;6560 ;RUBEOLA,AC IGM (EIA);Amb;;;;;;;$7792.49;01/04/26
2 025,2 110;6576 ;VARICELA ZOSTER, (VZ), AC IGG (EIA/IFI);Amb;;;;;;;$14008.33;01/04/26
2 210,2 310,2 410,2 450,2 510,6 030,8 260,8 360,8 430;6576 ;VARICELA ZOSTER, (VZ), AC IGG (EIA/IFI);Amb;;;;;;;$14008.33;01/04/26
2 025,2 110;6577 ;VARICELA ZOSTER, (VZ), AC IGM (EIA/IFI);Amb;;;;;;;$14008.33;01/04/26
2 210,2 310,2 410,2 450,2 510,6 030,8 260,8 360,8 430;6577 ;VARICELA ZOSTER, (VZ), AC IGM (EIA/IFI);Amb;;;;;;;$14008.33;01/04/26
2 025,2 110;6602 ;FIBROQUISTICA DEL PANCREAS,ENFERMEDAD(SCREENING NEONATAL) (--);Amb;;;;;;;$7202.46;01/04/26
2 210,2 310,2 410,2 450,2 510,6 030,8 260,8 360,8 430;6602 ;FIBROQUISTICA DEL PANCREAS,ENFERMEDAD(SCREENING NEONATAL) (--);Amb;;;;;;;$7202.46;01/04/26
2 025,2 110;6604 ;SUBPOBLACIONES LINFOCITARIAS (CD1,2,3,ETC.OKT3,ETC.) POR C/U Y HASTA NUEVE (9).(CITOMETRIA;Amb;;;;;;;$15453.11;01/04/26
2 210,2 310,2 410,2 450,2 510,6 030,8 260,8 360,8 430;6604 ;SUBPOBLACIONES LINFOCITARIAS (CD1,2,3,ETC.OKT3,ETC.) POR C/U Y HASTA NUEVE (9).(CITOMETRIA;Amb;;;;;;;$15453.11;01/04/26
2 025,2 110;6607 ;PEROXIDASA TIROIDEA ULTRASENSIBLE,AC ANTI - ATPO ((RIE);Amb;;;;;;;$7726.08;01/04/26
2 210,2 310,2 410,2 450,2 510,6 030,8 260,8 360,8 430;6607 ;PEROXIDASA TIROIDEA ULTRASENSIBLE,AC ANTI - ATPO ((RIE);Amb;;;;;;;$7726.08;01/04/26
2 025,2 110;6628 ;CITOPLASMA NEUTROFILO,AC ANTI (ANCA P O C) (IFI);Amb;;;;;;;$9030.66;01/04/26
2 210,2 310,2 410,2 450,2 510,6 030,8 260,8 360,8 430;6628 ;CITOPLASMA NEUTROFILO,AC ANTI (ANCA P O C) (IFI);Amb;;;;;;;$9030.66;01/04/26
2 025,2 110;6631 ;ENDOMISIO,AC ANTI IGA (IFI);Amb;;;;;;;$10160.96;01/04/26
2 210,2 310,2 410,2 450,2 510,6 030,8 260,8 360,8 430;6631 ;ENDOMISIO,AC ANTI IGA (IFI);Amb;;;;;;;$10160.96;01/04/26
2 025,2 110;6632 ;ENDOMISIO,AC ANTI IGG (IFI);Amb;;;;;;;$10160.96;01/04/26
2 210,2 310,2 410,2 450,2 510,6 030,8 260,8 360,8 430;6632 ;ENDOMISIO,AC ANTI IGG (IFI);Amb;;;;;;;$10160.96;01/04/26
2 025,2 110;6645 ;FOLICO,ACIDO(EN SUERO) (RIE);Amb;;;;;;;$10321.09;01/04/26
2 210,2 310,2 410,2 450,2 510,6 030,8 260,8 360,8 430;6645 ;FOLICO,ACIDO(EN SUERO) (RIE);Amb;;;;;;;$10321.09;01/04/26
2 025,2 110;6667 ;HELICOBACTER PYLORI,AC IGG (EIA);Amb;;;;;;;$12040.10;01/04/26
2 210,2 310,2 410,2 450,2 510,6 030,8 260,8 360,8 430;6667 ;HELICOBACTER PYLORI,AC IGG (EIA);Amb;;;;;;;$12040.10;01/04/26
2 025,2 110;6692 ;VITAMINA B12 (CIANOCOBALAMINA) (RIE);Ambos;;;;;;;$18467.07;01/04/26
2 210,2 310,2 410,2 450,2 510,6 030,8 260,8 360,8 430;6692 ;VITAMINA B12 (CIANOCOBALAMINA) (RIE);Ambos;;;;;;;$18467.07;01/04/26
2 025,2 110;6706 ;LKM,AC ANTI O LIVER KIDNEY (IFI);Amb;;;;;;;$5858.54;01/04/26
2 210,2 310,2 410,2 450,2 510,6 030,8 260,8 360,8 430;6706 ;LKM,AC ANTI O LIVER KIDNEY (IFI);Amb;;;;;;;$5858.54;01/04/26
2 025,2 110;6712 ;TREPONEMA PALLIDUM,AC IGM -FTA/ABS IGM (IFI);Amb;;;;;;;$2933.05;01/04/26
2 210,2 310,2 410,2 450,2 510,6 030,8 260,8 360,8 430;6712 ;TREPONEMA PALLIDUM,AC IGM -FTA/ABS IGM (IFI);Amb;;;;;;;$2933.05;01/04/26
2 025,2 110;6767 ;HOMOCISTEINA.;Amb;;;;;;;$15575.88;01/04/26
2 210,2 310,2 410,2 450,2 510,6 030,8 260,8 360,8 430;6767 ;HOMOCISTEINA.;Amb;;;;;;;$15575.88;01/04/26
2 025,2 110;6773 ;RELACION PSA LIBRE/PSA TOTAL;Amb;;;;;;;$17331.48;01/04/26
2 210,2 310,2 410,2 450,2 510,6 030,8 260,8 360,8 430;6773 ;RELACION PSA LIBRE/PSA TOTAL;Amb;;;;;;;$17331.48;01/04/26
2 025,2 110;6832 ;ACTO PROFESIONAL BIOQUIMICO.;Amb;;;;;;;$22000.00;01/04/26
2 210,2 310,2 410,2 450,2 510,6 030,8 260,8 360,8 430;6832 ;ACTO PROFESIONAL BIOQUIMICO.;Amb;;;;;;;$22000.00;01/04/26
2 025,2 110;6839 ;MODULO NEONATAL SCREENING TOTAL (TSH, FENIL, FIBROSIS QUIS TICA, BIOTINIDASA, GALACTOSEMI;Amb;;;;;;;$36652.96;01/04/26
2 025,2 110;6839 ;MODULO NEONATAL SCREENING TOTAL (TSH, FENIL, FIBROSIS QUIS TICA, BIOTINIDASA, GALACTOSEMI;Int;;;;;;;$36652.96;01/04/26
2 210,2 310,2 410,2 450,2 510,6 030,8 260,8 360,8 430;6839 ;MODULO NEONATAL SCREENING TOTAL (TSH, FENIL, FIBROSIS QUIS TICA, BIOTINIDASA, GALACTOSEMI;Amb;;;;;;;$36652.96;01/04/26
2 210,2 310,2 410,2 450,2 510,6 030,8 260,8 360,8 430;6839 ;MODULO NEONATAL SCREENING TOTAL (TSH, FENIL, FIBROSIS QUIS TICA, BIOTINIDASA, GALACTOSEMI;Int;;;;;;;$36652.96;01/04/26
2 025,2 110;6840 ;DOSAJE DE SANGRE OCULTA EN MATERIA FECAL POR TEST INMUNOLOGICOS.;Amb;;;;;;;$17924.93;01/04/26
2 210,2 310,2 410,2 450,2 510,6 030,8 260,8 360,8 430;6840 ;DOSAJE DE SANGRE OCULTA EN MATERIA FECAL POR TEST INMUNOLOGICOS.;Amb;;;;;;;$17924.93;01/04/26
2 025,2 110;7131 ;CORONAVIRUS POR BIOLOGIA MOLECULAR / CORONAVIRUS PCR REAL TIME;Amb;;;;;;;$32770.59;01/04/26
2 025,2 110;7131 ;CORONAVIRUS POR BIOLOGIA MOLECULAR / CORONAVIRUS PCR REAL TIME;Int;;;;;;;$32770.59;01/04/26
2 210,2 310,2 410,2 450,2 510,6 030,8 260,8 360,8 430;7131 ;CORONAVIRUS POR BIOLOGIA MOLECULAR / CORONAVIRUS PCR REAL TIME;Amb;;;;;;;$32770.59;01/04/26
2 210,2 310,2 410,2 450,2 510,6 030,8 260,8 360,8 430;7131 ;CORONAVIRUS POR BIOLOGIA MOLECULAR / CORONAVIRUS PCR REAL TIME;Int;;;;;;;$32770.59;01/04/26
2 025,2 110;7144 ;MODULO DE CURVA DE INSULINA;Amb;;;;;;;$29379.45;01/04/26
2 210,2 310,2 410,2 450,2 510,6 030,8 260,8 360,8 430;7144 ;MODULO DE CURVA DE INSULINA;Amb;;;;;;;$29379.45;01/04/26
2 025,2 110;20167 ;MOD.FACOEMULSIFICACION CRISTALINO/QX DE CATARATA(CUALQUIER TECNICA MENOS LASER FEMTOSECON;Amb;;;;;;;$926788.43;01/04/26
2 025,2 110;20167 ;MOD.FACOEMULSIFICACION CRISTALINO/QX DE CATARATA(CUALQUIER TECNICA MENOS LASER FEMTOSECON;Int;;;;;;;$926788.43;01/04/26
2 210,2 310,2 410,2 450,2 510,6 030,8 260,8 360,8 430;20167 ;MOD.FACOEMULSIFICACION CRISTALINO/QX DE CATARATA(CUALQUIER TECNICA MENOS LASER FEMTOSECON;Amb;;;;;;;$926788.43;01/04/26
2 210,2 310,2 410,2 450,2 510,6 030,8 260,8 360,8 430;20167 ;MOD.FACOEMULSIFICACION CRISTALINO/QX DE CATARATA(CUALQUIER TECNICA MENOS LASER FEMTOSECON;Int;;;;;;;$926788.43;01/04/26
2 025,2 110;20205 ;ESCISION DE LESION DE PARPADOS, BLEFARECTOMIA-PIEL DE PARPADOS, GLANDULA MEIBOMIANA, CHALA;Amb;$7531.81;;;;;$36317.32;$43849.13;01/04/26
2 025,2 110;20205 ;ESCISION DE LESION DE PARPADOS, BLEFARECTOMIA-PIEL DE PARPADOS, GLANDULA MEIBOMIANA, CHALA;Int;$7531.81;;;;;;$7531.81;01/04/26
2 210,2 310,2 410,2 450,2 510,6 030,8 260,8 360,8 430;20205 ;ESCISION DE LESION DE PARPADOS, BLEFARECTOMIA-PIEL DE PARPADOS, GLANDULA MEIBOMIANA, CHALA;Amb;$7531.81;;;;;$36317.32;$43849.13;01/04/26
2 210,2 310,2 410,2 450,2 510,6 030,8 260,8 360,8 430;20205 ;ESCISION DE LESION DE PARPADOS, BLEFARECTOMIA-PIEL DE PARPADOS, GLANDULA MEIBOMIANA, CHALA;Int;$7531.81;;;;;;$7531.81;01/04/26
2 025,2 110;20703 ;CAPSULOTOMIA;Amb;$47406.08;1;$17721.90;;;$123618.57;$188746.55;01/04/26
2 025,2 110;20703 ;CAPSULOTOMIA;Int;$47406.08;1;$17721.90;;;;$65127.98;01/04/26
2 210,2 310,2 410,2 450,2 510,6 030,8 260,8 360,8 430;20703 ;CAPSULOTOMIA;Amb;$47406.08;1;$17721.90;;;$123618.57;$188746.55;01/04/26
2 210,2 310,2 410,2 450,2 510,6 030,8 260,8 360,8 430;20703 ;CAPSULOTOMIA;Int;$47406.08;1;$17721.90;;;;$65127.98;01/04/26
2 025,2 110;30565 ;MODULO 2 DE CIRUGIA VIDEOENDOSCOPICA (ENDOSCOPIA) DE SENOS PARANASALES UNI O BIL;Amb;;;;;;;$613015.72;01/04/26
2 025,2 110;30565 ;MODULO 2 DE CIRUGIA VIDEOENDOSCOPICA (ENDOSCOPIA) DE SENOS PARANASALES UNI O BIL;Int;;;;;;;$613015.72;01/04/26
2 210,2 310,2 410,2 450,2 510,6 030,8 260,8 360,8 430;30565 ;MODULO 2 DE CIRUGIA VIDEOENDOSCOPICA (ENDOSCOPIA) DE SENOS PARANASALES UNI O BIL;Amb;;;;;;;$613015.72;01/04/26
2 210,2 310,2 410,2 450,2 510,6 030,8 260,8 360,8 430;30565 ;MODULO 2 DE CIRUGIA VIDEOENDOSCOPICA (ENDOSCOPIA) DE SENOS PARANASALES UNI O BIL;Int;;;;;;;$613015.72;01/04/26
2 025,2 110;30566 ;MOD. 3 CIRUGIA VIDEOENDOSCOPICA RADICAL DE LA PANSINUSITIS-SENOS PARANASAL-C/SEPTUMPLASTIA;Amb;;;;;;;$613015.72;01/04/26
2 025,2 110;30566 ;MOD. 3 CIRUGIA VIDEOENDOSCOPICA RADICAL DE LA PANSINUSITIS-SENOS PARANASAL-C/SEPTUMPLASTIA;Int;;;;;;;$613015.72;01/04/26
2 210,2 310,2 410,2 450,2 510,6 030,8 260,8 360,8 430;30566 ;MOD. 3 CIRUGIA VIDEOENDOSCOPICA RADICAL DE LA PANSINUSITIS-SENOS PARANASAL-C/SEPTUMPLASTIA;Amb;;;;;;;$613015.72;01/04/26
2 210,2 310,2 410,2 450,2 510,6 030,8 260,8 360,8 430;30566 ;MOD. 3 CIRUGIA VIDEOENDOSCOPICA RADICAL DE LA PANSINUSITIS-SENOS PARANASAL-C/SEPTUMPLASTIA;Int;;;;;;;$613015.72;01/04/26
2 025,2 110;30567 ;MODULO DE CIRUGIA DE SENOS PARANASALES (SOLO GASTOS);Amb;;;;;;$344952.10;$344952.10;01/04/26
2 210,2 310,2 410,2 450,2 510,6 030,8 260,8 360,8 430;30567 ;MODULO DE CIRUGIA DE SENOS PARANASALES (SOLO GASTOS);Amb;;;;;;$344952.10;$344952.10;01/04/26
2 025,2 110;31105 ;BIOPSIA DE LENGUA - DRENAJE DE ABCESO CON EXTRACCION DE CUERPO EXTRAÑO-SECCION FRENILLO LI;Amb;$7531.81;;;;;$18158.66;$25690.47;01/04/26
2 025,2 110;31105 ;BIOPSIA DE LENGUA - DRENAJE DE ABCESO CON EXTRACCION DE CUERPO EXTRAÑO-SECCION FRENILLO LI;Int;$7531.81;;;;;;$7531.81;01/04/26
2 210,2 310,2 410,2 450,2 510,6 030,8 260,8 360,8 430;31105 ;BIOPSIA DE LENGUA - DRENAJE DE ABCESO CON EXTRACCION DE CUERPO EXTRAÑO-SECCION FRENILLO LI;Amb;$7531.81;;;;;$18158.66;$25690.47;01/04/26
2 210,2 310,2 410,2 450,2 510,6 030,8 260,8 360,8 430;31105 ;BIOPSIA DE LENGUA - DRENAJE DE ABCESO CON EXTRACCION DE CUERPO EXTRAÑO-SECCION FRENILLO LI;Int;$7531.81;;;;;;$7531.81;01/04/26
2 025,2 110;31360 ;MODULO DE AMIGDALECTOMIA-ADENOIDECTOMIA (ANILLO DE WALDEYER);Amb;$158725.90;;;;;$222217.77;$380943.67;01/04/26
2 025,2 110;31360 ;MODULO DE AMIGDALECTOMIA-ADENOIDECTOMIA (ANILLO DE WALDEYER);Int;$158725.90;;;;;$222217.77;$380943.67;01/04/26
2 210,2 310,2 410,2 450,2 510,6 030,8 260,8 360,8 430;31360 ;MODULO DE AMIGDALECTOMIA-ADENOIDECTOMIA (ANILLO DE WALDEYER);Amb;$158725.90;;;;;$222217.77;$380943.67;01/04/26
2 210,2 310,2 410,2 450,2 510,6 030,8 260,8 360,8 430;31360 ;MODULO DE AMIGDALECTOMIA-ADENOIDECTOMIA (ANILLO DE WALDEYER);Int;$158725.90;;;;;$222217.77;$380943.67;01/04/26
2 025,2 110;31364 ;MODULO DE CIRUGIA DEL ANILLO DE WALDEYER, CUERDAS VOCALES Y TIMPANO (SOLO GASTOS).;Amb;;;;;;$313265.22;$313265.22;01/04/26
2 210,2 310,2 410,2 450,2 510,6 030,8 260,8 360,8 430;31364 ;MODULO DE CIRUGIA DEL ANILLO DE WALDEYER, CUERDAS VOCALES Y TIMPANO (SOLO GASTOS).;Amb;;;;;;$313265.22;$313265.22;01/04/26
2 025,2 110;31365 ;MODULO CIRUGIA DE CABEZA Y CUELLO (SOLO GASTOS).;Amb;;;;;;$313265.22;$313265.22;01/04/26
2 210,2 310,2 410,2 450,2 510,6 030,8 260,8 360,8 430;31365 ;MODULO CIRUGIA DE CABEZA Y CUELLO (SOLO GASTOS).;Amb;;;;;;$313265.22;$313265.22;01/04/26
2 025,2 110;50406 ;TORACOTOMIA EXPLORADORA.;Int;$119179.78;2;$23481.52;;;;$166142.82;01/04/26
2 210,2 310,2 410,2 450,2 510,6 030,8 260,8 360,8 430;50406 ;TORACOTOMIA EXPLORADORA.;Int;$119179.78;2;$23481.52;;;;$166142.82;01/04/26
2 025,2 110;50407 ;DRENAJE PLEURAL PARA TRATAMIENTO DE NEUMOTORAX;Int;$23481.52;1;$590.73;;;;$24072.25;01/04/26
2 210,2 310,2 410,2 450,2 510,6 030,8 260,8 360,8 430;50407 ;DRENAJE PLEURAL PARA TRATAMIENTO DE NEUMOTORAX;Int;$23481.52;1;$590.73;;;;$24072.25;01/04/26
2 025,2 110;60108 ;ESCISION LOCAL DE LESION DE MAMA -QUISTE, FIBROADENOMA O TEJIDO MAMARIO ABERRANTE- DE LESI;Amb;$36329.90;1;$17721.90;;;$85206.02;$139257.82;01/04/26
2 025,2 110;60108 ;ESCISION LOCAL DE LESION DE MAMA -QUISTE, FIBROADENOMA O TEJIDO MAMARIO ABERRANTE- DE LESI;Int;$36329.90;1;$17721.90;;;;$54051.80;01/04/26
2 210,2 310,2 410,2 450,2 510,6 030,8 260,8 360,8 430;60108 ;ESCISION LOCAL DE LESION DE MAMA -QUISTE, FIBROADENOMA O TEJIDO MAMARIO ABERRANTE- DE LESI;Amb;$36329.90;1;$17721.90;;;$85206.02;$139257.82;01/04/26
2 210,2 310,2 410,2 450,2 510,6 030,8 260,8 360,8 430;60108 ;ESCISION LOCAL DE LESION DE MAMA -QUISTE, FIBROADENOMA O TEJIDO MAMARIO ABERRANTE- DE LESI;Int;$36329.90;1;$17721.90;;;;$54051.80;01/04/26
2 025,2 110;60109 ;ESCISION DE CUADRANTE MAMARIO -BIOPSIA SECTORIAL, O CUADRAN TECTOMIA-;Amb;$47406.08;1;$17721.90;;;$85206.02;$150334.00;01/04/26
2 025,2 110;60109 ;ESCISION DE CUADRANTE MAMARIO -BIOPSIA SECTORIAL, O CUADRAN TECTOMIA-;Int;$47406.08;1;$17721.90;;;;$65127.98;01/04/26
2 210,2 310,2 410,2 450,2 510,6 030,8 260,8 360,8 430;60109 ;ESCISION DE CUADRANTE MAMARIO -BIOPSIA SECTORIAL, O CUADRAN TECTOMIA-;Amb;$47406.08;1;$17721.90;;;$85206.02;$150334.00;01/04/26
2 210,2 310,2 410,2 450,2 510,6 030,8 260,8 360,8 430;60109 ;ESCISION DE CUADRANTE MAMARIO -BIOPSIA SECTORIAL, O CUADRAN TECTOMIA-;Int;$47406.08;1;$17721.90;;;;$65127.98;01/04/26
2 025,2 110;60167 ;MODULO DE TRATAMIENTO DE LESIONES DE MAMA (SOLO GASTOS);Amb;;;;;;$322233.10;$322233.10;01/04/26
2 210,2 310,2 410,2 450,2 510,6 030,8 260,8 360,8 430;60167 ;MODULO DE TRATAMIENTO DE LESIONES DE MAMA (SOLO GASTOS);Amb;;;;;;$322233.10;$322233.10;01/04/26
2 025,2 110;70104 ;COLOCACION DE MARCAPASO DEFINITIVO CON ELECTRODO EPICARDICO;Int;$220194.61;2;$43861.70;;;;$307918.02;01/04/26
2 210,2 310,2 410,2 450,2 510,6 030,8 260,8 360,8 430;70104 ;COLOCACION DE MARCAPASO DEFINITIVO CON ELECTRODO EPICARDICO;Int;$220194.61;2;$43861.70;;;;$307918.02;01/04/26
2 025,2 110;70173 ;MODULO CONTROL DE MARCAPASO Y/O REPROGRAMACION AMBULATORIO.;Amb;;;;;;;$35570.93;01/04/26
2 210,2 310,2 410,2 450,2 510,6 030,8 260,8 360,8 430;70173 ;MODULO CONTROL DE MARCAPASO Y/O REPROGRAMACION AMBULATORIO.;Amb;;;;;;;$35570.93;01/04/26
2 210,2 310,2 410,2 450,2 510,6 030,8 260,8 360,8 430;70267 ;MODULO ANGIOPLASTIA TRANSLUMINAL CORONARIA -VALVULOPLASTIA CON ATEROTOMO DE SIMPSON/ROTAB;Int;;;;;;;$3022758.17;01/04/26
2 025,2 110;70270 ;MODULO ANGIOPLASTIA TRANSLUMINAL PERIFERICA.;Int;;;;;;;$2031677.52;01/04/26
2 210,2 310,2 410,2 450,2 510,6 030,8 260,8 360,8 430;70270 ;MODULO ANGIOPLASTIA TRANSLUMINAL PERIFERICA.;Int;;;;;;;$2031677.52;01/04/26
2 025,2 110;70601 ;EMBOLECTOMIA EN ARTERIAS PERIFERICAS.;Int;$70444.55;1;$17721.90;;;;$88166.45;01/04/26
2 210,2 310,2 410,2 450,2 510,6 030,8 260,8 360,8 430;70601 ;EMBOLECTOMIA EN ARTERIAS PERIFERICAS.;Int;$70444.55;1;$17721.90;;;;$88166.45;01/04/26
2 025,2 110;70612 ;SAFENECTOMIA INTERNA Y/O EXTERNA DE MIEMBRO INFERIOR CON LI GADURA Y/O RESECCIONES ESCALON;Amb;$59811.41;1;$17721.90;;;$83809.20;$161342.51;01/04/26
2 025,2 110;70612 ;SAFENECTOMIA INTERNA Y/O EXTERNA DE MIEMBRO INFERIOR CON LI GADURA Y/O RESECCIONES ESCALON;Int;$59811.41;1;$17721.90;;;;$77533.31;01/04/26
2 210,2 310,2 410,2 450,2 510,6 030,8 260,8 360,8 430;70612 ;SAFENECTOMIA INTERNA Y/O EXTERNA DE MIEMBRO INFERIOR CON LI GADURA Y/O RESECCIONES ESCALON;Amb;$59811.41;1;$17721.90;;;$83809.20;$161342.51;01/04/26
2 210,2 310,2 410,2 450,2 510,6 030,8 260,8 360,8 430;70612 ;SAFENECTOMIA INTERNA Y/O EXTERNA DE MIEMBRO INFERIOR CON LI GADURA Y/O RESECCIONES ESCALON;Int;$59811.41;1;$17721.90;;;;$77533.31;01/04/26
2 025,2 110;70614 ;OPERACION DE LINTON, GOCKETT O SIMILARES -LIGADURAS SUBAPO NEUROTICAS DE LAS COMUNICANTES;Amb;$70444.55;1;$17721.90;;;$125015.39;$213181.84;01/04/26
2 025,2 110;70614 ;OPERACION DE LINTON, GOCKETT O SIMILARES -LIGADURAS SUBAPO NEUROTICAS DE LAS COMUNICANTES;Int;$70444.55;1;$17721.90;;;;$88166.45;01/04/26
2 210,2 310,2 410,2 450,2 510,6 030,8 260,8 360,8 430;70614 ;OPERACION DE LINTON, GOCKETT O SIMILARES -LIGADURAS SUBAPO NEUROTICAS DE LAS COMUNICANTES;Amb;$70444.55;1;$17721.90;;;$125015.39;$213181.84;01/04/26
2 210,2 310,2 410,2 450,2 510,6 030,8 260,8 360,8 430;70614 ;OPERACION DE LINTON, GOCKETT O SIMILARES -LIGADURAS SUBAPO NEUROTICAS DE LAS COMUNICANTES;Int;$70444.55;1;$17721.90;;;;$88166.45;01/04/26
2 025,2 110;70615 ;FLEBOTOMIA CON COLOCACION DE CATETER. DISECCION DE VENAS PA RA PERFUSION -CANALIZACION VEN;Amb;$7531.81;;;;;$18158.66;$25690.47;01/04/26
2 025,2 110;70615 ;FLEBOTOMIA CON COLOCACION DE CATETER. DISECCION DE VENAS PA RA PERFUSION -CANALIZACION VEN;Int;$7531.81;;;;;;$7531.81;01/04/26
2 210,2 310,2 410,2 450,2 510,6 030,8 260,8 360,8 430;70615 ;FLEBOTOMIA CON COLOCACION DE CATETER. DISECCION DE VENAS PA RA PERFUSION -CANALIZACION VEN;Amb;$7531.81;;;;;$18158.66;$25690.47;01/04/26
2 210,2 310,2 410,2 450,2 510,6 030,8 260,8 360,8 430;70615 ;FLEBOTOMIA CON COLOCACION DE CATETER. DISECCION DE VENAS PA RA PERFUSION -CANALIZACION VEN;Int;$7531.81;;;;;;$7531.81;01/04/26
2 025,2 110;70666 ;MOD.TRATAMIENTO DE INSUFICIENCIA VENOSA MMII (UNI/BILAT) (SOLO GASTOS);Amb;;;;;;$315064.54;$315064.54;01/04/26
2 210,2 310,2 410,2 450,2 510,6 030,8 260,8 360,8 430;70666 ;MOD.TRATAMIENTO DE INSUFICIENCIA VENOSA MMII (UNI/BILAT) (SOLO GASTOS);Amb;;;;;;$315064.54;$315064.54;01/04/26
2 025,2 110;70761 ;QUIMIOTERAPIA AMBULATORIA .;Amb;;;;;;;$44446.25;01/04/26
2 210,2 310,2 410,2 450,2 510,6 030,8 260,8 360,8 430;70761 ;QUIMIOTERAPIA AMBULATORIA .;Amb;;;;;;;$44446.25;01/04/26
2 025,2 110;70770 ;COLOCACION DE CATETERES VENOSOS CENTRALES.;Amb;$26677.07;;;;;;$26677.07;01/04/26
2 025,2 110;70770 ;COLOCACION DE CATETERES VENOSOS CENTRALES.;Int;$26677.07;;;;;;$26677.07;01/04/26
2 210,2 310,2 410,2 450,2 510,6 030,8 260,8 360,8 430;70770 ;COLOCACION DE CATETERES VENOSOS CENTRALES.;Amb;$26677.07;;;;;;$26677.07;01/04/26
2 210,2 310,2 410,2 450,2 510,6 030,8 260,8 360,8 430;70770 ;COLOCACION DE CATETERES VENOSOS CENTRALES.;Int;$26677.07;;;;;;$26677.07;01/04/26
2 025,2 110;70775 ;MODULO CINECORONARIOGRAFIA ADULTOS;Int;;;;;;;$550463.51;01/04/26
2 210,2 310,2 410,2 450,2 510,6 030,8 260,8 360,8 430;70775 ;MODULO CINECORONARIOGRAFIA ADULTOS;Int;;;;;;;$550463.51;01/04/26
2 025,2 110;70784 ;MODULO ESTUDIO HEMODINAMICO P/CATETERISMO-ANGIOGRAFIA DIGI- TAL (INCLUYE PENSION).;Amb;;;;;;;$507923.87;01/04/26
2 025,2 110;70784 ;MODULO ESTUDIO HEMODINAMICO P/CATETERISMO-ANGIOGRAFIA DIGI- TAL (INCLUYE PENSION).;Int;;;;;;;$507923.87;01/04/26
2 210,2 310,2 410,2 450,2 510,6 030,8 260,8 360,8 430;70784 ;MODULO ESTUDIO HEMODINAMICO P/CATETERISMO-ANGIOGRAFIA DIGI- TAL (INCLUYE PENSION).;Amb;;;;;;;$507923.87;01/04/26
2 210,2 310,2 410,2 450,2 510,6 030,8 260,8 360,8 430;70784 ;MODULO ESTUDIO HEMODINAMICO P/CATETERISMO-ANGIOGRAFIA DIGI- TAL (INCLUYE PENSION).;Int;;;;;;;$507923.87;01/04/26
2 025,2 110;70790 ;MODULO ANGIOGRAFIA POR RESONANCIA DE ABDOMEN.;Int;;;;;;;$152377.32;01/04/26
2 210,2 310,2 410,2 450,2 510,6 030,8 260,8 360,8 430;70790 ;MODULO ANGIOGRAFIA POR RESONANCIA DE ABDOMEN.;Int;;;;;;;$152377.32;01/04/26
2 025,2 110;80203 ;HERNIOPLASTIA INGUINAL, CRURAL, EPIGASTRICA, UMBILICAL, OBTURATRIZ, ETC.;Amb;$112977.11;1;$21709.33;;;$153650.20;$288336.64;01/04/26
2 025,2 110;80203 ;HERNIOPLASTIA INGUINAL, CRURAL, EPIGASTRICA, UMBILICAL, OBTURATRIZ, ETC.;Int;$112977.11;1;$21709.33;;;;$134686.44;01/04/26
2 210,2 310,2 410,2 450,2 510,6 030,8 260,8 360,8 430;80203 ;HERNIOPLASTIA INGUINAL, CRURAL, EPIGASTRICA, UMBILICAL, OBTURATRIZ, ETC.;Amb;$112977.11;1;$21709.33;;;$153650.20;$288336.64;01/04/26
2 210,2 310,2 410,2 450,2 510,6 030,8 260,8 360,8 430;80203 ;HERNIOPLASTIA INGUINAL, CRURAL, EPIGASTRICA, UMBILICAL, OBTURATRIZ, ETC.;Int;$112977.11;1;$21709.33;;;;$134686.44;01/04/26
2 025,2 110;80205 ;HERNIOPLASTIA INGUINAL Y/O CRURAL BILATERAL.;Amb;$119179.78;2;$23481.52;;;$159237.48;$325380.30;01/04/26
2 025,2 110;80205 ;HERNIOPLASTIA INGUINAL Y/O CRURAL BILATERAL.;Int;$119179.78;2;$23481.52;;;;$166142.82;01/04/26
2 210,2 310,2 410,2 450,2 510,6 030,8 260,8 360,8 430;80205 ;HERNIOPLASTIA INGUINAL Y/O CRURAL BILATERAL.;Amb;$119179.78;2;$23481.52;;;$159237.48;$325380.30;01/04/26
2 210,2 310,2 410,2 450,2 510,6 030,8 260,8 360,8 430;80205 ;HERNIOPLASTIA INGUINAL Y/O CRURAL BILATERAL.;Int;$119179.78;2;$23481.52;;;;$166142.82;01/04/26
2 025,2 110;80206 ;EVENTRACION, HERNIA RECIDIVADA;Amb;$134686.44;1;$26582.85;;;$157142.25;$318411.54;01/04/26
2 025,2 110;80206 ;EVENTRACION, HERNIA RECIDIVADA;Int;$134686.44;1;$26582.85;;;;$161269.29;01/04/26
2 210,2 310,2 410,2 450,2 510,6 030,8 260,8 360,8 430;80206 ;EVENTRACION, HERNIA RECIDIVADA;Amb;$134686.44;1;$26582.85;;;$157142.25;$318411.54;01/04/26
2 210,2 310,2 410,2 450,2 510,6 030,8 260,8 360,8 430;80206 ;EVENTRACION, HERNIA RECIDIVADA;Int;$134686.44;1;$26582.85;;;;$161269.29;01/04/26
2 025,2 110;80261 ;MODULO DE COLECISTECTOMIA LAPAROSCOPICA (COLELAP);Int;$190467.46;;;;;$825370.97;$1015838.43;01/04/26
2 210,2 310,2 410,2 450,2 510,6 030,8 260,8 360,8 430;80261 ;MODULO DE COLECISTECTOMIA LAPAROSCOPICA (COLELAP);Int;$190467.46;;;;;$825370.97;$1015838.43;01/04/26
2 025,2 110;80263 ;MODULO DE HERNIOPLASTIA INGUINAL LAPAROSCOPICA BILATERAL Y/ORECIDIVADA;Int;;;;;;;$825370.97;01/04/26
2 210,2 310,2 410,2 450,2 510,6 030,8 260,8 360,8 430;80263 ;MODULO DE HERNIOPLASTIA INGUINAL LAPAROSCOPICA BILATERAL Y/ORECIDIVADA;Int;;;;;;;$825370.97;01/04/26
2 025,2 110;80271 ;MODULO AMBULATORIO DE CIRUGIA DE PARED ABDOMINAL PEDIATRICA (SOLO GASTOS);Amb;;;;;;$295377.13;$295377.13;01/04/26
2 210,2 310,2 410,2 450,2 510,6 030,8 260,8 360,8 430;80271 ;MODULO AMBULATORIO DE CIRUGIA DE PARED ABDOMINAL PEDIATRICA (SOLO GASTOS);Amb;;;;;;$295377.13;$295377.13;01/04/26
2 025,2 110;80272 ;MODULO AMBULATORIO DE CIRUGIA DE PARED ABDOMINAL ADULTOS (SOLO GASTOS);Amb;;;;;;$236297.22;$236297.22;01/04/26
2 210,2 310,2 410,2 450,2 510,6 030,8 260,8 360,8 430;80272 ;MODULO AMBULATORIO DE CIRUGIA DE PARED ABDOMINAL ADULTOS (SOLO GASTOS);Amb;;;;;;$236297.22;$236297.22;01/04/26
2 025,2 110;80273 ;MODULO AMBULATORIO CIRUGIA TRANSLAPAROSCOP DE HERNIA BILATERAL Y/O RECIDIV (SOLO GASTOS);Amb;;;;;;$315064.54;$315064.54;01/04/26
2 210,2 310,2 410,2 450,2 510,6 030,8 260,8 360,8 430;80273 ;MODULO AMBULATORIO CIRUGIA TRANSLAPAROSCOP DE HERNIA BILATERAL Y/O RECIDIV (SOLO GASTOS);Amb;;;;;;$315064.54;$315064.54;01/04/26
2 025,2 110;80366 ;MODULO COMPLETO DE RECAMBIO DE GASTROSTOMIA ENDOSCOPICA PERCUTANEA;Amb;;;;;;;$317450.55;01/04/26
2 025,2 110;80366 ;MODULO COMPLETO DE RECAMBIO DE GASTROSTOMIA ENDOSCOPICA PERCUTANEA;Int;;;;;;;$317450.55;01/04/26
2 210,2 310,2 410,2 450,2 510,6 030,8 260,8 360,8 430;80366 ;MODULO COMPLETO DE RECAMBIO DE GASTROSTOMIA ENDOSCOPICA PERCUTANEA;Amb;;;;;;;$317450.55;01/04/26
2 210,2 310,2 410,2 450,2 510,6 030,8 260,8 360,8 430;80366 ;MODULO COMPLETO DE RECAMBIO DE GASTROSTOMIA ENDOSCOPICA PERCUTANEA;Int;;;;;;;$317450.55;01/04/26
2 025,2 110;80501 ;COLECTOMIA TOTAL -SIN RECTO- CON RESTITUCION DEL TRANSITO EN UN TIEMPO;Int;$314120.68;2;$62912.75;;;;$439946.17;01/04/26
2 210,2 310,2 410,2 450,2 510,6 030,8 260,8 360,8 430;80501 ;COLECTOMIA TOTAL -SIN RECTO- CON RESTITUCION DEL TRANSITO EN UN TIEMPO;Int;$314120.68;2;$62912.75;;;;$439946.17;01/04/26
2 025,2 110;80502 ;COLECTOMIA TOTAL -SIN RECTO- CON ILEOSTOMIA TEMPORARIA O DEFINITIVA;Int;$251207.93;2;$50064.37;;;;$351336.67;01/04/26
2 210,2 310,2 410,2 450,2 510,6 030,8 260,8 360,8 430;80502 ;COLECTOMIA TOTAL -SIN RECTO- CON ILEOSTOMIA TEMPORARIA O DEFINITIVA;Int;$251207.93;2;$50064.37;;;;$351336.67;01/04/26
2 025,2 110;80504 ;COLECTOMIA SEGMENTARIA -RESECCION SEGMENTARIA DE COLON, COLECTOMIA TRANSVERSA, OP. DE HART;Int;$149307.01;2;$30127.23;;;;$209561.47;01/04/26
2 210,2 310,2 410,2 450,2 510,6 030,8 260,8 360,8 430;80504 ;COLECTOMIA SEGMENTARIA -RESECCION SEGMENTARIA DE COLON, COLECTOMIA TRANSVERSA, OP. DE HART;Int;$149307.01;2;$30127.23;;;;$209561.47;01/04/26
2 025,2 110;80524 ;APENDICECTOMIA.;Int;$99242.64;1;$20380.19;;;;$119622.83;01/04/26
2 210,2 310,2 410,2 450,2 510,6 030,8 260,8 360,8 430;80524 ;APENDICECTOMIA.;Int;$99242.64;1;$20380.19;;;;$119622.83;01/04/26
2 025,2 110;80567 ;MODULO COLECTOMIA LAPAROSCOPICA PARCIAL/ TOTAL;Int;;;;;;;$4320366.76;01/04/26
2 210,2 310,2 410,2 450,2 510,6 030,8 260,8 360,8 430;80567 ;MODULO COLECTOMIA LAPAROSCOPICA PARCIAL/ TOTAL;Int;;;;;;;$4320366.76;01/04/26
2 025,2 110;80601 ;ANOPLASTIA -ESTENOSIS- CON O SIN ESFINTEROTOMIA O ESFINTERECTOMIA;Amb;$47406.08;1;$17721.90;;;$83809.20;$148937.18;01/04/26
2 025,2 110;80601 ;ANOPLASTIA -ESTENOSIS- CON O SIN ESFINTEROTOMIA O ESFINTERECTOMIA;Int;$47406.08;1;$17721.90;;;;$65127.98;01/04/26
2 210,2 310,2 410,2 450,2 510,6 030,8 260,8 360,8 430;80601 ;ANOPLASTIA -ESTENOSIS- CON O SIN ESFINTEROTOMIA O ESFINTERECTOMIA;Amb;$47406.08;1;$17721.90;;;$83809.20;$148937.18;01/04/26
2 210,2 310,2 410,2 450,2 510,6 030,8 260,8 360,8 430;80601 ;ANOPLASTIA -ESTENOSIS- CON O SIN ESFINTEROTOMIA O ESFINTERECTOMIA;Int;$47406.08;1;$17721.90;;;;$65127.98;01/04/26
2 025,2 110;80606 ;HEMORROIDECTOMIA -CON O SIN FISURA ANAL-;Amb;$47406.08;1;$17721.90;;;$83809.20;$148937.18;01/04/26
2 025,2 110;80606 ;HEMORROIDECTOMIA -CON O SIN FISURA ANAL-;Int;$47406.08;1;$17721.90;;;;$65127.98;01/04/26
2 210,2 310,2 410,2 450,2 510,6 030,8 260,8 360,8 430;80606 ;HEMORROIDECTOMIA -CON O SIN FISURA ANAL-;Amb;$47406.08;1;$17721.90;;;$83809.20;$148937.18;01/04/26
2 210,2 310,2 410,2 450,2 510,6 030,8 260,8 360,8 430;80606 ;HEMORROIDECTOMIA -CON O SIN FISURA ANAL-;Int;$47406.08;1;$17721.90;;;;$65127.98;01/04/26
2 025,2 110;80607 ;TROMBECTOMIA, INFARTECTOMIA -TROMBOSIS HEMORROIDARIA-;Amb;$12848.38;;;;;$18158.66;$31007.04;01/04/26
2 025,2 110;80607 ;TROMBECTOMIA, INFARTECTOMIA -TROMBOSIS HEMORROIDARIA-;Int;$12848.38;;;;;;$12848.38;01/04/26
2 210,2 310,2 410,2 450,2 510,6 030,8 260,8 360,8 430;80607 ;TROMBECTOMIA, INFARTECTOMIA -TROMBOSIS HEMORROIDARIA-;Amb;$12848.38;;;;;$18158.66;$31007.04;01/04/26
2 210,2 310,2 410,2 450,2 510,6 030,8 260,8 360,8 430;80607 ;TROMBECTOMIA, INFARTECTOMIA -TROMBOSIS HEMORROIDARIA-;Int;$12848.38;;;;;;$12848.38;01/04/26
2 025,2 110;80608 ;TRATAMIENTO QUIRURGICO DEL PROLAPSO MUCOSO -OP. DE WHITEHEAD O BUIE-.PLASTICA DE ANO HUMED;Amb;$59811.41;1;$17721.90;;;$83809.20;$161342.51;01/04/26
2 025,2 110;80608 ;TRATAMIENTO QUIRURGICO DEL PROLAPSO MUCOSO -OP. DE WHITEHEAD O BUIE-.PLASTICA DE ANO HUMED;Int;$59811.41;1;$17721.90;;;;$77533.31;01/04/26
2 210,2 310,2 410,2 450,2 510,6 030,8 260,8 360,8 430;80608 ;TRATAMIENTO QUIRURGICO DEL PROLAPSO MUCOSO -OP. DE WHITEHEAD O BUIE-.PLASTICA DE ANO HUMED;Amb;$59811.41;1;$17721.90;;;$83809.20;$161342.51;01/04/26
2 210,2 310,2 410,2 450,2 510,6 030,8 260,8 360,8 430;80608 ;TRATAMIENTO QUIRURGICO DEL PROLAPSO MUCOSO -OP. DE WHITEHEAD O BUIE-.PLASTICA DE ANO HUMED;Int;$59811.41;1;$17721.90;;;;$77533.31;01/04/26
2 025,2 110;90101 ;LINFADENECTOMIA CERVICAL, AXILAR O INGUINAL RADICAL, UNILATERAL -COMO UNICA OPERACION-;Amb;$134686.44;2;$26582.85;;;$155745.43;$343597.57;01/04/26
2 025,2 110;90101 ;LINFADENECTOMIA CERVICAL, AXILAR O INGUINAL RADICAL, UNILATERAL -COMO UNICA OPERACION-;Int;$134686.44;2;$26582.85;;;;$187852.14;01/04/26
2 210,2 310,2 410,2 450,2 510,6 030,8 260,8 360,8 430;90101 ;LINFADENECTOMIA CERVICAL, AXILAR O INGUINAL RADICAL, UNILATERAL -COMO UNICA OPERACION-;Amb;$134686.44;2;$26582.85;;;$155745.43;$343597.57;01/04/26
2 210,2 310,2 410,2 450,2 510,6 030,8 260,8 360,8 430;90101 ;LINFADENECTOMIA CERVICAL, AXILAR O INGUINAL RADICAL, UNILATERAL -COMO UNICA OPERACION-;Int;$134686.44;2;$26582.85;;;;$187852.14;01/04/26
2 025,2 110;90105 ;LINFADENECTOMIA. BIOPSIA DE GANGLIO LINFATICO;Amb;$23481.52;1;$17721.90;;;$31428.45;$72631.87;01/04/26
2 025,2 110;90105 ;LINFADENECTOMIA. BIOPSIA DE GANGLIO LINFATICO;Int;$23481.52;1;$17721.90;;;;$41203.42;01/04/26
2 210,2 310,2 410,2 450,2 510,6 030,8 260,8 360,8 430;90105 ;LINFADENECTOMIA. BIOPSIA DE GANGLIO LINFATICO;Amb;$23481.52;1;$17721.90;;;$31428.45;$72631.87;01/04/26
2 210,2 310,2 410,2 450,2 510,6 030,8 260,8 360,8 430;90105 ;LINFADENECTOMIA. BIOPSIA DE GANGLIO LINFATICO;Int;$23481.52;1;$17721.90;;;;$41203.42;01/04/26
2 025,2 110;100101 ;NEFRECTOMIA TOTAL, CUALQUIERA FUERE LA VIA UTILIZADA.;Int;$178991.19;2;$36329.90;;;;$251650.98;01/04/26
2 210,2 310,2 410,2 450,2 510,6 030,8 260,8 360,8 430;100101 ;NEFRECTOMIA TOTAL, CUALQUIERA FUERE LA VIA UTILIZADA.;Int;$178991.19;2;$36329.90;;;;$251650.98;01/04/26
2 025,2 110;100404 ;RESECCION ENDOSCOPICA (TRANSURETRAL) DE PROSTATA, RESECCION ENDOSCOPICA DE FIBROSIS Y CICA;Amb;$119179.78;;;;;$187173.88;$306353.66;01/04/26
2 025,2 110;100404 ;RESECCION ENDOSCOPICA (TRANSURETRAL) DE PROSTATA, RESECCION ENDOSCOPICA DE FIBROSIS Y CICA;Int;$119179.78;;;;;;$119179.78;01/04/26
2 210,2 310,2 410,2 450,2 510,6 030,8 260,8 360,8 430;100404 ;RESECCION ENDOSCOPICA (TRANSURETRAL) DE PROSTATA, RESECCION ENDOSCOPICA DE FIBROSIS Y CICA;Amb;$119179.78;;;;;$187173.88;$306353.66;01/04/26
2 210,2 310,2 410,2 450,2 510,6 030,8 260,8 360,8 430;100404 ;RESECCION ENDOSCOPICA (TRANSURETRAL) DE PROSTATA, RESECCION ENDOSCOPICA DE FIBROSIS Y CICA;Int;$119179.78;;;;;;$119179.78;01/04/26
2 025,2 110;100504 ;ORQUIDOPEXIA UNILATERAL -CUALQUIERA FUERA LA TECNICA EMPLEA DA- CON O SIN TRATAMIENTO DE H;Amb;$119179.78;1;$23481.52;;;$125015.39;$267676.69;01/04/26
2 025,2 110;100504 ;ORQUIDOPEXIA UNILATERAL -CUALQUIERA FUERA LA TECNICA EMPLEA DA- CON O SIN TRATAMIENTO DE H;Int;$119179.78;1;$23481.52;;;;$142661.30;01/04/26
2 210,2 310,2 410,2 450,2 510,6 030,8 260,8 360,8 430;100504 ;ORQUIDOPEXIA UNILATERAL -CUALQUIERA FUERA LA TECNICA EMPLEA DA- CON O SIN TRATAMIENTO DE H;Amb;$119179.78;1;$23481.52;;;$125015.39;$267676.69;01/04/26
2 210,2 310,2 410,2 450,2 510,6 030,8 260,8 360,8 430;100504 ;ORQUIDOPEXIA UNILATERAL -CUALQUIERA FUERA LA TECNICA EMPLEA DA- CON O SIN TRATAMIENTO DE H;Int;$119179.78;1;$23481.52;;;;$142661.30;01/04/26
2 025,2 110;100505 ;ORQUIDOPEXIA BILATERAL CON O SIN TRATAMIENTO DE HERNIA CONCOMITANTE.;Amb;$178991.19;1;$36329.90;;;$153650.20;$368971.29;01/04/26
2 025,2 110;100505 ;ORQUIDOPEXIA BILATERAL CON O SIN TRATAMIENTO DE HERNIA CONCOMITANTE.;Int;$178991.19;1;$36329.90;;;;$215321.09;01/04/26
2 210,2 310,2 410,2 450,2 510,6 030,8 260,8 360,8 430;100505 ;ORQUIDOPEXIA BILATERAL CON O SIN TRATAMIENTO DE HERNIA CONCOMITANTE.;Amb;$178991.19;1;$36329.90;;;$153650.20;$368971.29;01/04/26
2 210,2 310,2 410,2 450,2 510,6 030,8 260,8 360,8 430;100505 ;ORQUIDOPEXIA BILATERAL CON O SIN TRATAMIENTO DE HERNIA CONCOMITANTE.;Int;$178991.19;1;$36329.90;;;;$215321.09;01/04/26
2 025,2 110;100509 ;DRENAJE DE ABSCESO TESTICULAR, ESCISION DE LESION LOCAL DE TESTICULO.;Amb;$12848.38;;;;;$18158.66;$31007.04;01/04/26
2 025,2 110;100509 ;DRENAJE DE ABSCESO TESTICULAR, ESCISION DE LESION LOCAL DE TESTICULO.;Int;$12848.38;;;;;;$12848.38;01/04/26
2 210,2 310,2 410,2 450,2 510,6 030,8 260,8 360,8 430;100509 ;DRENAJE DE ABSCESO TESTICULAR, ESCISION DE LESION LOCAL DE TESTICULO.;Amb;$12848.38;;;;;$18158.66;$31007.04;01/04/26
2 210,2 310,2 410,2 450,2 510,6 030,8 260,8 360,8 430;100509 ;DRENAJE DE ABSCESO TESTICULAR, ESCISION DE LESION LOCAL DE TESTICULO.;Int;$12848.38;;;;;;$12848.38;01/04/26
2 025,2 110;100607 ;VASECTOMIA, LIGADURA DE CONDUCTO DEFERENTE, UNI O BILATERAL COMO UNICA OPERACION;Amb;$23481.52;1;$17721.90;;;$83110.79;$124314.21;01/04/26
2 025,2 110;100607 ;VASECTOMIA, LIGADURA DE CONDUCTO DEFERENTE, UNI O BILATERAL COMO UNICA OPERACION;Int;$23481.52;1;$17721.90;;;;$41203.42;01/04/26
2 210,2 310,2 410,2 450,2 510,6 030,8 260,8 360,8 430;100607 ;VASECTOMIA, LIGADURA DE CONDUCTO DEFERENTE, UNI O BILATERAL COMO UNICA OPERACION;Amb;$23481.52;1;$17721.90;;;$83110.79;$124314.21;01/04/26
2 210,2 310,2 410,2 450,2 510,6 030,8 260,8 360,8 430;100607 ;VASECTOMIA, LIGADURA DE CONDUCTO DEFERENTE, UNI O BILATERAL COMO UNICA OPERACION;Int;$23481.52;1;$17721.90;;;;$41203.42;01/04/26
2 025,2 110;100709 ;POSTIOPLASTIA (FIMOSIS) INCLUYE FRENULOTOMIA, ESCISION DE CUERDA VENTRAL;Amb;$47406.08;1;$17721.90;;;$82412.38;$147540.36;01/04/26
2 025,2 110;100709 ;POSTIOPLASTIA (FIMOSIS) INCLUYE FRENULOTOMIA, ESCISION DE CUERDA VENTRAL;Int;$47406.08;1;$17721.90;;;;$65127.98;01/04/26
2 210,2 310,2 410,2 450,2 510,6 030,8 260,8 360,8 430;100709 ;POSTIOPLASTIA (FIMOSIS) INCLUYE FRENULOTOMIA, ESCISION DE CUERDA VENTRAL;Amb;$47406.08;1;$17721.90;;;$82412.38;$147540.36;01/04/26
2 210,2 310,2 410,2 450,2 510,6 030,8 260,8 360,8 430;100709 ;POSTIOPLASTIA (FIMOSIS) INCLUYE FRENULOTOMIA, ESCISION DE CUERDA VENTRAL;Int;$47406.08;1;$17721.90;;;;$65127.98;01/04/26
2 025,2 110;100861 ;MODULO DE CIRUGIA UROLOGICA ADULTOS (SOLO GASTOS).;Amb;;;;;;$349733.64;$349733.64;01/04/26
2 210,2 310,2 410,2 450,2 510,6 030,8 260,8 360,8 430;100861 ;MODULO DE CIRUGIA UROLOGICA ADULTOS (SOLO GASTOS).;Amb;;;;;;$349733.64;$349733.64;01/04/26
2 025,2 110;110101 ;RESECCION CUNEIFORME DE OVARIO.EXTIRPACION DE OVARIO.OOFOROPLASTIA -IMPLANTACION DE OVARIO;Amb;$70444.55;1;$17721.90;;;$153650.20;$241816.65;01/04/26
2 025,2 110;110101 ;RESECCION CUNEIFORME DE OVARIO.EXTIRPACION DE OVARIO.OOFOROPLASTIA -IMPLANTACION DE OVARIO;Int;$70444.55;1;$17721.90;;;;$88166.45;01/04/26
2 210,2 310,2 410,2 450,2 510,6 030,8 260,8 360,8 430;110101 ;RESECCION CUNEIFORME DE OVARIO.EXTIRPACION DE OVARIO.OOFOROPLASTIA -IMPLANTACION DE OVARIO;Amb;$70444.55;1;$17721.90;;;$153650.20;$241816.65;01/04/26
2 210,2 310,2 410,2 450,2 510,6 030,8 260,8 360,8 430;110101 ;RESECCION CUNEIFORME DE OVARIO.EXTIRPACION DE OVARIO.OOFOROPLASTIA -IMPLANTACION DE OVARIO;Int;$70444.55;1;$17721.90;;;;$88166.45;01/04/26
2 025,2 110;110104 ;LIGADURA DE TROMPAS -COMO UNICA OPERACION-;Int;$59811.41;1;$17721.90;;;;$77533.31;01/04/26
2 210,2 310,2 410,2 450,2 510,6 030,8 260,8 360,8 430;110104 ;LIGADURA DE TROMPAS -COMO UNICA OPERACION-;Int;$59811.41;1;$17721.90;;;;$77533.31;01/04/26
2 025,2 110;110203 ;HISTERECTOMIA CON O SIN ANEXECTOMIA, POR VIA ABDOMINAL O VAGINAL, CON O SIN COLPOPERINEORR;Int;$119179.78;2;$23481.52;;;;$166142.82;01/04/26
2 210,2 310,2 410,2 450,2 510,6 030,8 260,8 360,8 430;110203 ;HISTERECTOMIA CON O SIN ANEXECTOMIA, POR VIA ABDOMINAL O VAGINAL, CON O SIN COLPOPERINEORR;Int;$119179.78;2;$23481.52;;;;$166142.82;01/04/26
2 025,2 110;110210 ;RASPADO UTERINO TERAPEUTICO;Amb;$23481.52;;;;;$85206.02;$108687.54;01/04/26
2 025,2 110;110210 ;RASPADO UTERINO TERAPEUTICO;Int;$23481.52;;;;;;$23481.52;01/04/26
2 210,2 310,2 410,2 450,2 510,6 030,8 260,8 360,8 430;110210 ;RASPADO UTERINO TERAPEUTICO;Amb;$23481.52;;;;;$85206.02;$108687.54;01/04/26
2 210,2 310,2 410,2 450,2 510,6 030,8 260,8 360,8 430;110210 ;RASPADO UTERINO TERAPEUTICO;Int;$23481.52;;;;;;$23481.52;01/04/26
2 025,2 110;110215 ;ESCISION LOCAL DE LESION DE CUELLO -POLIPO-. ELECTROCOAGULACION DE CUELLO O CAUTERIZACION ;Amb;$12848.38;;;;;$18158.66;$31007.04;01/04/26
2 025,2 110;110215 ;ESCISION LOCAL DE LESION DE CUELLO -POLIPO-. ELECTROCOAGULACION DE CUELLO O CAUTERIZACION ;Int;$12848.38;;;;;;$12848.38;01/04/26
2 210,2 310,2 410,2 450,2 510,6 030,8 260,8 360,8 430;110215 ;ESCISION LOCAL DE LESION DE CUELLO -POLIPO-. ELECTROCOAGULACION DE CUELLO O CAUTERIZACION ;Amb;$12848.38;;;;;$18158.66;$31007.04;01/04/26
2 210,2 310,2 410,2 450,2 510,6 030,8 260,8 360,8 430;110215 ;ESCISION LOCAL DE LESION DE CUELLO -POLIPO-. ELECTROCOAGULACION DE CUELLO O CAUTERIZACION ;Int;$12848.38;;;;;;$12848.38;01/04/26
2 025,2 110;110217 ;MODULO DE COLOCACION DE DISPOSITIVO INTRAUTERINO (DIU);Amb;$7088.76;;;;;$83809.20;$90897.96;01/04/26
2 025,2 110;110217 ;MODULO DE COLOCACION DE DISPOSITIVO INTRAUTERINO (DIU);Int;$7088.76;;;;;;$7088.76;01/04/26
2 210,2 310,2 410,2 450,2 510,6 030,8 260,8 360,8 430;110217 ;MODULO DE COLOCACION DE DISPOSITIVO INTRAUTERINO (DIU);Amb;$7088.76;;;;;$83809.20;$90897.96;01/04/26
2 210,2 310,2 410,2 450,2 510,6 030,8 260,8 360,8 430;110217 ;MODULO DE COLOCACION DE DISPOSITIVO INTRAUTERINO (DIU);Int;$7088.76;;;;;;$7088.76;01/04/26
2 025,2 110;110270 ;CONIZACION DE CUELLO POR LEEP.;Amb;$93501.47;1;$27702.59;;;$45456.56;$166660.62;01/04/26
2 025,2 110;110270 ;CONIZACION DE CUELLO POR LEEP.;Int;$93501.47;1;$27702.59;;;$45456.56;$166660.62;01/04/26
2 210,2 310,2 410,2 450,2 510,6 030,8 260,8 360,8 430;110270 ;CONIZACION DE CUELLO POR LEEP.;Amb;$93501.47;1;$27702.59;;;$45456.56;$166660.62;01/04/26
2 210,2 310,2 410,2 450,2 510,6 030,8 260,8 360,8 430;110270 ;CONIZACION DE CUELLO POR LEEP.;Int;$93501.47;1;$27702.59;;;$45456.56;$166660.62;01/04/26
2 025,2 110;110271 ;MODULO DE CIRUGIA TRANSLAPAROSCOPICA GINECOLOGICA SIMPLE;Amb;$190467.46;;;;;$761878.98;$952346.44;01/04/26
2 025,2 110;110271 ;MODULO DE CIRUGIA TRANSLAPAROSCOPICA GINECOLOGICA SIMPLE;Int;$190467.46;;;;;$761878.98;$952346.44;01/04/26
2 210,2 310,2 410,2 450,2 510,6 030,8 260,8 360,8 430;110271 ;MODULO DE CIRUGIA TRANSLAPAROSCOPICA GINECOLOGICA SIMPLE;Amb;$190467.46;;;;;$761878.98;$952346.44;01/04/26
2 210,2 310,2 410,2 450,2 510,6 030,8 260,8 360,8 430;110271 ;MODULO DE CIRUGIA TRANSLAPAROSCOPICA GINECOLOGICA SIMPLE;Int;$190467.46;;;;;$761878.98;$952346.44;01/04/26
2 025,2 110;110303 ;COLPORRAFIA ANTERIOR Y/O POSTERIOR, CON O SIN AMPUTACION DE CUELLO, CON O SIN CORRECION DE;Amb;$119179.78;2;$23481.52;;;$155745.43;$321888.25;01/04/26
2 025,2 110;110303 ;COLPORRAFIA ANTERIOR Y/O POSTERIOR, CON O SIN AMPUTACION DE CUELLO, CON O SIN CORRECION DE;Int;$119179.78;2;$23481.52;;;;$166142.82;01/04/26
2 210,2 310,2 410,2 450,2 510,6 030,8 260,8 360,8 430;110303 ;COLPORRAFIA ANTERIOR Y/O POSTERIOR, CON O SIN AMPUTACION DE CUELLO, CON O SIN CORRECION DE;Amb;$119179.78;2;$23481.52;;;$155745.43;$321888.25;01/04/26
2 210,2 310,2 410,2 450,2 510,6 030,8 260,8 360,8 430;110303 ;COLPORRAFIA ANTERIOR Y/O POSTERIOR, CON O SIN AMPUTACION DE CUELLO, CON O SIN CORRECION DE;Int;$119179.78;2;$23481.52;;;;$166142.82;01/04/26
2 025,2 110;110304 ;COLPORRAFIA POR HERIDA, DESGARRO, ETC. -FUERA DEL PARTO-;Amb;$47406.08;1;$17721.90;;;$124316.98;$189444.96;01/04/26
2 025,2 110;110304 ;COLPORRAFIA POR HERIDA, DESGARRO, ETC. -FUERA DEL PARTO-;Int;$47406.08;1;$17721.90;;;;$65127.98;01/04/26
2 210,2 310,2 410,2 450,2 510,6 030,8 260,8 360,8 430;110304 ;COLPORRAFIA POR HERIDA, DESGARRO, ETC. -FUERA DEL PARTO-;Amb;$47406.08;1;$17721.90;;;$124316.98;$189444.96;01/04/26
2 210,2 310,2 410,2 450,2 510,6 030,8 260,8 360,8 430;110304 ;COLPORRAFIA POR HERIDA, DESGARRO, ETC. -FUERA DEL PARTO-;Int;$47406.08;1;$17721.90;;;;$65127.98;01/04/26
2 025,2 110;110362 ;MODULO DE PROCEDIMIENTOS PERINEO-PELVIANOS (SOLO GASTOS).;Amb;;;;;;$294732.34;$294732.34;01/04/26
2 210,2 310,2 410,2 450,2 510,6 030,8 260,8 360,8 430;110362 ;MODULO DE PROCEDIMIENTOS PERINEO-PELVIANOS (SOLO GASTOS).;Amb;;;;;;$294732.34;$294732.34;01/04/26
2 025,2 110;110460 ;MODULO POR PARTO NORMAL;Int;$204760.22;;;;;$819052.17;$1023812.39;01/04/26
2 210,2 310,2 410,2 450,2 510,6 030,8 260,8 360,8 430;110460 ;MODULO POR PARTO NORMAL;Int;$204760.22;;;;;$819052.17;$1023812.39;01/04/26
2 025,2 110;110461 ;MODULO POR CESAREA;Int;$245692.17;;;;;$982768.94;$1228461.11;01/04/26
2 210,2 310,2 410,2 450,2 510,6 030,8 260,8 360,8 430;110461 ;MODULO POR CESAREA;Int;$245692.17;;;;;$982768.94;$1228461.11;01/04/26
2 025,2 110;120164 ;MODULO DE ARTROSCOPIA SIMPLE.;Amb;$367230.70;;;;;$451795.06;$819025.76;01/04/26
2 025,2 110;120164 ;MODULO DE ARTROSCOPIA SIMPLE.;Int;$367230.70;;;;;$451795.06;$819025.76;01/04/26
2 210,2 310,2 410,2 450,2 510,6 030,8 260,8 360,8 430;120164 ;MODULO DE ARTROSCOPIA SIMPLE.;Amb;$367230.70;;;;;$451795.06;$819025.76;01/04/26
2 210,2 310,2 410,2 450,2 510,6 030,8 260,8 360,8 430;120164 ;MODULO DE ARTROSCOPIA SIMPLE.;Int;$367230.70;;;;;$451795.06;$819025.76;01/04/26
2 025,2 110;120165 ;MODULO DE ARTROSCOPIA COMPLEJA.;Amb;$375396.36;;;;;$580128.29;$955524.65;01/04/26
2 025,2 110;120165 ;MODULO DE ARTROSCOPIA COMPLEJA.;Int;$375396.36;;;;;$580128.29;$955524.65;01/04/26
2 210,2 310,2 410,2 450,2 510,6 030,8 260,8 360,8 430;120165 ;MODULO DE ARTROSCOPIA COMPLEJA.;Amb;$375396.36;;;;;$580128.29;$955524.65;01/04/26
2 210,2 310,2 410,2 450,2 510,6 030,8 260,8 360,8 430;120165 ;MODULO DE ARTROSCOPIA COMPLEJA.;Int;$375396.36;;;;;$580128.29;$955524.65;01/04/26
2 025,2 110;120202 ;FRACTURAS C/DESPLAZAMIENTO-OSTEOPLASTIA (ESTERNON, ESCAPULA,HUMERO-EXCEPTO SUPRACONDILEA-C;Amb;$31899.42;;;;;$16063.43;$47962.85;01/04/26
2 025,2 110;120202 ;FRACTURAS C/DESPLAZAMIENTO-OSTEOPLASTIA (ESTERNON, ESCAPULA,HUMERO-EXCEPTO SUPRACONDILEA-C;Int;$31899.42;;;;;;$31899.42;01/04/26
2 210,2 310,2 410,2 450,2 510,6 030,8 260,8 360,8 430;120202 ;FRACTURAS C/DESPLAZAMIENTO-OSTEOPLASTIA (ESTERNON, ESCAPULA,HUMERO-EXCEPTO SUPRACONDILEA-C;Amb;$31899.42;;;;;$16063.43;$47962.85;01/04/26
2 210,2 310,2 410,2 450,2 510,6 030,8 260,8 360,8 430;120202 ;FRACTURAS C/DESPLAZAMIENTO-OSTEOPLASTIA (ESTERNON, ESCAPULA,HUMERO-EXCEPTO SUPRACONDILEA-C;Int;$31899.42;;;;;;$31899.42;01/04/26
2 025,2 110;120203 ;FRACTURAS C/DESPLAZAMIENTO-OSTEOPLASTIA(PELVIS,FEMUR,TIBIA,PERONE, ASTRAGALO, CALCANEO, S;Amb;$70444.55;;;;;$16063.43;$86507.98;01/04/26
2 025,2 110;120203 ;FRACTURAS C/DESPLAZAMIENTO-OSTEOPLASTIA(PELVIS,FEMUR,TIBIA,PERONE, ASTRAGALO, CALCANEO, S;Int;$70444.55;;;;;;$70444.55;01/04/26
2 210,2 310,2 410,2 450,2 510,6 030,8 260,8 360,8 430;120203 ;FRACTURAS C/DESPLAZAMIENTO-OSTEOPLASTIA(PELVIS,FEMUR,TIBIA,PERONE, ASTRAGALO, CALCANEO, S;Amb;$70444.55;;;;;$16063.43;$86507.98;01/04/26
2 210,2 310,2 410,2 450,2 510,6 030,8 260,8 360,8 430;120203 ;FRACTURAS C/DESPLAZAMIENTO-OSTEOPLASTIA(PELVIS,FEMUR,TIBIA,PERONE, ASTRAGALO, CALCANEO, S;Int;$70444.55;;;;;;$70444.55;01/04/26
2 025,2 110;120204 ;FRACTURAS C/DESPLAZAMIENTO-OSTEOPLASTIA (CLAVICULA,COSTILLAS ROTULA,METACARPIANOS O METATA;Amb;$15506.66;;;;;;$15506.66;01/04/26
2 025,2 110;120204 ;FRACTURAS C/DESPLAZAMIENTO-OSTEOPLASTIA (CLAVICULA,COSTILLAS ROTULA,METACARPIANOS O METATA;Int;$15506.66;;;;;;$15506.66;01/04/26
2 210,2 310,2 410,2 450,2 510,6 030,8 260,8 360,8 430;120204 ;FRACTURAS C/DESPLAZAMIENTO-OSTEOPLASTIA (CLAVICULA,COSTILLAS ROTULA,METACARPIANOS O METATA;Amb;$15506.66;;;;;;$15506.66;01/04/26
2 210,2 310,2 410,2 450,2 510,6 030,8 260,8 360,8 430;120204 ;FRACTURAS C/DESPLAZAMIENTO-OSTEOPLASTIA (CLAVICULA,COSTILLAS ROTULA,METACARPIANOS O METATA;Int;$15506.66;;;;;;$15506.66;01/04/26
2 025,2 110;120302 ;REDUCCION/OSTEOSINTESIS (HUMERO,PELVIS,SACRO,FEMUR,TIBIA,TI-BIA Y PERONE,CUBITO Y RADIO,DI;Amb;$134686.44;2;$26582.85;;;$189269.11;$377121.25;01/04/26
2 025,2 110;120302 ;REDUCCION/OSTEOSINTESIS (HUMERO,PELVIS,SACRO,FEMUR,TIBIA,TI-BIA Y PERONE,CUBITO Y RADIO,DI;Int;$134686.44;2;$26582.85;;;;$187852.14;01/04/26
2 210,2 310,2 410,2 450,2 510,6 030,8 260,8 360,8 430;120302 ;REDUCCION/OSTEOSINTESIS (HUMERO,PELVIS,SACRO,FEMUR,TIBIA,TI-BIA Y PERONE,CUBITO Y RADIO,DI;Amb;$134686.44;2;$26582.85;;;$189269.11;$377121.25;01/04/26
2 210,2 310,2 410,2 450,2 510,6 030,8 260,8 360,8 430;120302 ;REDUCCION/OSTEOSINTESIS (HUMERO,PELVIS,SACRO,FEMUR,TIBIA,TI-BIA Y PERONE,CUBITO Y RADIO,DI;Int;$134686.44;2;$26582.85;;;;$187852.14;01/04/26
2 025,2 110;120303 ;REDUCCION/OSTEOSINTESIS(CUBITO,TERCIO INF.RADIO,CARPO,1ER.METACARP.,TARSO,MAXILARES);Amb;$70444.55;1;$17721.90;;;$153650.20;$241816.65;01/04/26
2 025,2 110;120303 ;REDUCCION/OSTEOSINTESIS(CUBITO,TERCIO INF.RADIO,CARPO,1ER.METACARP.,TARSO,MAXILARES);Int;$70444.55;1;$17721.90;;;;$88166.45;01/04/26
2 210,2 310,2 410,2 450,2 510,6 030,8 260,8 360,8 430;120303 ;REDUCCION/OSTEOSINTESIS(CUBITO,TERCIO INF.RADIO,CARPO,1ER.METACARP.,TARSO,MAXILARES);Amb;$70444.55;1;$17721.90;;;$153650.20;$241816.65;01/04/26
2 210,2 310,2 410,2 450,2 510,6 030,8 260,8 360,8 430;120303 ;REDUCCION/OSTEOSINTESIS(CUBITO,TERCIO INF.RADIO,CARPO,1ER.METACARP.,TARSO,MAXILARES);Int;$70444.55;1;$17721.90;;;;$88166.45;01/04/26
2 025,2 110;120305 ;REDUCC./OSTEOS. METACARP./METATARS.EXC.1°, FALANGES MISMO DEDO, MALAR, HUESOSPROPIOS NARIZ;Amb;$36329.90;1;$17721.90;;;$119428.11;$173479.91;01/04/26
2 025,2 110;120305 ;REDUCC./OSTEOS. METACARP./METATARS.EXC.1°, FALANGES MISMO DEDO, MALAR, HUESOSPROPIOS NARIZ;Int;$36329.90;1;$17721.90;;;;$54051.80;01/04/26
2 210,2 310,2 410,2 450,2 510,6 030,8 260,8 360,8 430;120305 ;REDUCC./OSTEOS. METACARP./METATARS.EXC.1°, FALANGES MISMO DEDO, MALAR, HUESOSPROPIOS NARIZ;Amb;$36329.90;1;$17721.90;;;$119428.11;$173479.91;01/04/26
2 210,2 310,2 410,2 450,2 510,6 030,8 260,8 360,8 430;120305 ;REDUCC./OSTEOS. METACARP./METATARS.EXC.1°, FALANGES MISMO DEDO, MALAR, HUESOSPROPIOS NARIZ;Int;$36329.90;1;$17721.90;;;;$54051.80;01/04/26
2 025,2 110;120368 ;MODULO DE CIRUGIA TRAUMATOLOGICA (SOLO GASTOS).;Amb;;;;;;$390982.30;$390982.30;01/04/26
2 210,2 310,2 410,2 450,2 510,6 030,8 260,8 360,8 430;120368 ;MODULO DE CIRUGIA TRAUMATOLOGICA (SOLO GASTOS).;Amb;;;;;;$390982.30;$390982.30;01/04/26
2 025,2 110;120403 ;INCIS-RESECC.PARCIAL.(ESTERNON,ESCAPULA,CUBITO,RADIO,CARPO,TIBIA,PERONE,TARSO,HUESOS CARA);Amb;$59811.41;1;$17721.90;;;$125713.80;$203247.11;01/04/26
2 025,2 110;120403 ;INCIS-RESECC.PARCIAL.(ESTERNON,ESCAPULA,CUBITO,RADIO,CARPO,TIBIA,PERONE,TARSO,HUESOS CARA);Int;$59811.41;1;$17721.90;;;;$77533.31;01/04/26
2 210,2 310,2 410,2 450,2 510,6 030,8 260,8 360,8 430;120403 ;INCIS-RESECC.PARCIAL.(ESTERNON,ESCAPULA,CUBITO,RADIO,CARPO,TIBIA,PERONE,TARSO,HUESOS CARA);Amb;$59811.41;1;$17721.90;;;$125713.80;$203247.11;01/04/26
2 210,2 310,2 410,2 450,2 510,6 030,8 260,8 360,8 430;120403 ;INCIS-RESECC.PARCIAL.(ESTERNON,ESCAPULA,CUBITO,RADIO,CARPO,TIBIA,PERONE,TARSO,HUESOS CARA);Int;$59811.41;1;$17721.90;;;;$77533.31;01/04/26
2 025,2 110;120406 ;PUNCION BIOPSIA DE CUALQUIER OTRO HUESO;Amb;$12848.38;;;;;$13968.20;$26816.58;01/04/26
2 025,2 110;120406 ;PUNCION BIOPSIA DE CUALQUIER OTRO HUESO;Int;$12848.38;;;;;;$12848.38;01/04/26
2 210,2 310,2 410,2 450,2 510,6 030,8 260,8 360,8 430;120406 ;PUNCION BIOPSIA DE CUALQUIER OTRO HUESO;Amb;$12848.38;;;;;$13968.20;$26816.58;01/04/26
2 210,2 310,2 410,2 450,2 510,6 030,8 260,8 360,8 430;120406 ;PUNCION BIOPSIA DE CUALQUIER OTRO HUESO;Int;$12848.38;;;;;;$12848.38;01/04/26
2 025,2 110;120801 ;ARTROCENTESIS -DIAGNOSTICA, TERAPEUTICA, PARA ARTROGRAFIA;Amb;$5316.57;;;;;$4888.87;$10205.44;01/04/26
2 025,2 110;120801 ;ARTROCENTESIS -DIAGNOSTICA, TERAPEUTICA, PARA ARTROGRAFIA;Int;$5316.57;;;;;;$5316.57;01/04/26
2 210,2 310,2 410,2 450,2 510,6 030,8 260,8 360,8 430;120801 ;ARTROCENTESIS -DIAGNOSTICA, TERAPEUTICA, PARA ARTROGRAFIA;Amb;$5316.57;;;;;$4888.87;$10205.44;01/04/26
2 210,2 310,2 410,2 450,2 510,6 030,8 260,8 360,8 430;120801 ;ARTROCENTESIS -DIAGNOSTICA, TERAPEUTICA, PARA ARTROGRAFIA;Int;$5316.57;;;;;;$5316.57;01/04/26
2 025,2 110;120901 ;ARTROTOMIAS (SACRO-ILIACA, CONDRO-COSTAL, CONTRO-ESTERNAL, ESTERNO-CLAVICULAR, CODO MUÑECA;Amb;$59811.41;1;$17721.90;;;$153650.20;$231183.51;01/04/26
2 025,2 110;120901 ;ARTROTOMIAS (SACRO-ILIACA, CONDRO-COSTAL, CONTRO-ESTERNAL, ESTERNO-CLAVICULAR, CODO MUÑECA;Int;$59811.41;1;$17721.90;;;;$77533.31;01/04/26
2 210,2 310,2 410,2 450,2 510,6 030,8 260,8 360,8 430;120901 ;ARTROTOMIAS (SACRO-ILIACA, CONDRO-COSTAL, CONTRO-ESTERNAL, ESTERNO-CLAVICULAR, CODO MUÑECA;Amb;$59811.41;1;$17721.90;;;$153650.20;$231183.51;01/04/26
2 210,2 310,2 410,2 450,2 510,6 030,8 260,8 360,8 430;120901 ;ARTROTOMIAS (SACRO-ILIACA, CONDRO-COSTAL, CONTRO-ESTERNAL, ESTERNO-CLAVICULAR, CODO MUÑECA;Int;$59811.41;1;$17721.90;;;;$77533.31;01/04/26
2 025,2 110;120902 ;ARTROTOMIAS (HOMBRO, CADERA, RODILLA);Amb;$105445.31;1;$20380.19;;;$123618.57;$249444.07;01/04/26
2 025,2 110;120902 ;ARTROTOMIAS (HOMBRO, CADERA, RODILLA);Int;$105445.31;1;$20380.19;;;;$125825.50;01/04/26
2 210,2 310,2 410,2 450,2 510,6 030,8 260,8 360,8 430;120902 ;ARTROTOMIAS (HOMBRO, CADERA, RODILLA);Amb;$105445.31;1;$20380.19;;;$123618.57;$249444.07;01/04/26
2 210,2 310,2 410,2 450,2 510,6 030,8 260,8 360,8 430;120902 ;ARTROTOMIAS (HOMBRO, CADERA, RODILLA);Int;$105445.31;1;$20380.19;;;;$125825.50;01/04/26
2 025,2 110;121001 ;ARTROPLASTIAS (CADERA);Int;$178991.19;2;$36329.90;;;;$251650.98;01/04/26
2 210,2 310,2 410,2 450,2 510,6 030,8 260,8 360,8 430;121001 ;ARTROPLASTIAS (CADERA);Int;$178991.19;2;$36329.90;;;;$251650.98;01/04/26
2 025,2 110;121002 ;ARTROPLASTIAS (RODILLA);Int;$119179.78;2;$23481.52;;;;$166142.82;01/04/26
2 210,2 310,2 410,2 450,2 510,6 030,8 260,8 360,8 430;121002 ;ARTROPLASTIAS (RODILLA);Int;$119179.78;2;$23481.52;;;;$166142.82;01/04/26
2 025,2 110;121107 ;ARTRODESIS-ARTRORRISIS(METACARPO-FALANGICA,METATARSO-FALANGICA,INTERFALANGICA);Amb;$47406.08;1;$17721.90;;;$123618.57;$188746.55;01/04/26
2 025,2 110;121107 ;ARTRODESIS-ARTRORRISIS(METACARPO-FALANGICA,METATARSO-FALANGICA,INTERFALANGICA);Int;$47406.08;1;$17721.90;;;;$65127.98;01/04/26
2 210,2 310,2 410,2 450,2 510,6 030,8 260,8 360,8 430;121107 ;ARTRODESIS-ARTRORRISIS(METACARPO-FALANGICA,METATARSO-FALANGICA,INTERFALANGICA);Amb;$47406.08;1;$17721.90;;;$123618.57;$188746.55;01/04/26
2 210,2 310,2 410,2 450,2 510,6 030,8 260,8 360,8 430;121107 ;ARTRODESIS-ARTRORRISIS(METACARPO-FALANGICA,METATARSO-FALANGICA,INTERFALANGICA);Int;$47406.08;1;$17721.90;;;;$65127.98;01/04/26
2 025,2 110;121303 ;LUXACIONES (CLAVICULA, HOMBRO, CODO, MUÑECA, METACARPO, TOBILLO, TARSO Y METATARSO);Amb;$23481.52;;;;;$67745.77;$91227.29;01/04/26
2 025,2 110;121303 ;LUXACIONES (CLAVICULA, HOMBRO, CODO, MUÑECA, METACARPO, TOBILLO, TARSO Y METATARSO);Int;$23481.52;;;;;;$23481.52;01/04/26
2 210,2 310,2 410,2 450,2 510,6 030,8 260,8 360,8 430;121303 ;LUXACIONES (CLAVICULA, HOMBRO, CODO, MUÑECA, METACARPO, TOBILLO, TARSO Y METATARSO);Amb;$23481.52;;;;;$67745.77;$91227.29;01/04/26
2 210,2 310,2 410,2 450,2 510,6 030,8 260,8 360,8 430;121303 ;LUXACIONES (CLAVICULA, HOMBRO, CODO, MUÑECA, METACARPO, TOBILLO, TARSO Y METATARSO);Int;$23481.52;;;;;;$23481.52;01/04/26
2 025,2 110;121304 ;LUXACIONES (METACARPO O METATARSO-FALANGICAS-UNA O MAS LUXACCIONES DE UN MISMO MIEMBRO-TEM;Amb;$12848.38;;;;;$35618.91;$48467.29;01/04/26
2 025,2 110;121304 ;LUXACIONES (METACARPO O METATARSO-FALANGICAS-UNA O MAS LUXACCIONES DE UN MISMO MIEMBRO-TEM;Int;$12848.38;;;;;;$12848.38;01/04/26
2 210,2 310,2 410,2 450,2 510,6 030,8 260,8 360,8 430;121304 ;LUXACIONES (METACARPO O METATARSO-FALANGICAS-UNA O MAS LUXACCIONES DE UN MISMO MIEMBRO-TEM;Amb;$12848.38;;;;;$35618.91;$48467.29;01/04/26
2 210,2 310,2 410,2 450,2 510,6 030,8 260,8 360,8 430;121304 ;LUXACIONES (METACARPO O METATARSO-FALANGICAS-UNA O MAS LUXACCIONES DE UN MISMO MIEMBRO-TEM;Int;$12848.38;;;;;;$12848.38;01/04/26
2 025,2 110;121308 ;LUXACIONES: TRATAMIENTO QUIRURGICO E INMOVILIZACION DE METACARPO, METATARSO FALANGICA;Amb;$36329.90;1;$17721.90;;;$125015.39;$179067.19;01/04/26
2 025,2 110;121308 ;LUXACIONES: TRATAMIENTO QUIRURGICO E INMOVILIZACION DE METACARPO, METATARSO FALANGICA;Int;$36329.90;1;$17721.90;;;;$54051.80;01/04/26
2 210,2 310,2 410,2 450,2 510,6 030,8 260,8 360,8 430;121308 ;LUXACIONES: TRATAMIENTO QUIRURGICO E INMOVILIZACION DE METACARPO, METATARSO FALANGICA;Amb;$36329.90;1;$17721.90;;;$125015.39;$179067.19;01/04/26
2 210,2 310,2 410,2 450,2 510,6 030,8 260,8 360,8 430;121308 ;LUXACIONES: TRATAMIENTO QUIRURGICO E INMOVILIZACION DE METACARPO, METATARSO FALANGICA;Int;$36329.90;1;$17721.90;;;;$54051.80;01/04/26
2 025,2 110;121402 ;OP.EN LOS MUSCULOS(INCISION,ESCISION DE LESION LOCAL,EXPLORACION,EXTRACC.DE CUERPO EXTRAÑO;Amb;$36329.90;1;$17721.90;;;$74729.87;$128781.67;01/04/26
2 025,2 110;121402 ;OP.EN LOS MUSCULOS(INCISION,ESCISION DE LESION LOCAL,EXPLORACION,EXTRACC.DE CUERPO EXTRAÑO;Int;$36329.90;1;$17721.90;;;;$54051.80;01/04/26
2 210,2 310,2 410,2 450,2 510,6 030,8 260,8 360,8 430;121402 ;OP.EN LOS MUSCULOS(INCISION,ESCISION DE LESION LOCAL,EXPLORACION,EXTRACC.DE CUERPO EXTRAÑO;Amb;$36329.90;1;$17721.90;;;$74729.87;$128781.67;01/04/26
2 210,2 310,2 410,2 450,2 510,6 030,8 260,8 360,8 430;121402 ;OP.EN LOS MUSCULOS(INCISION,ESCISION DE LESION LOCAL,EXPLORACION,EXTRACC.DE CUERPO EXTRAÑO;Int;$36329.90;1;$17721.90;;;;$54051.80;01/04/26
2 025,2 110;121502 ;OP.EN TENDONES (REPARACION Y SUTURA-TENORRAFIA-DE TENDON FLEXOR DE LA MUÑECA O DE DEDO DE ;Amb;$47406.08;1;$17721.90;;;$128507.44;$193635.42;01/04/26
2 025,2 110;121502 ;OP.EN TENDONES (REPARACION Y SUTURA-TENORRAFIA-DE TENDON FLEXOR DE LA MUÑECA O DE DEDO DE ;Int;$47406.08;1;$17721.90;;;;$65127.98;01/04/26
2 210,2 310,2 410,2 450,2 510,6 030,8 260,8 360,8 430;121502 ;OP.EN TENDONES (REPARACION Y SUTURA-TENORRAFIA-DE TENDON FLEXOR DE LA MUÑECA O DE DEDO DE ;Amb;$47406.08;1;$17721.90;;;$128507.44;$193635.42;01/04/26
2 210,2 310,2 410,2 450,2 510,6 030,8 260,8 360,8 430;121502 ;OP.EN TENDONES (REPARACION Y SUTURA-TENORRAFIA-DE TENDON FLEXOR DE LA MUÑECA O DE DEDO DE ;Int;$47406.08;1;$17721.90;;;;$65127.98;01/04/26
2 025,2 110;121504 ;OP.EN TENDONES(REPARACION Y SUTURA-TENORRAFIA EN TENDON EXTENSOR DE LA MUÑECA O DE DEDO DE;Amb;$36329.90;1;$17721.90;;;$124316.98;$178368.78;01/04/26
2 025,2 110;121504 ;OP.EN TENDONES(REPARACION Y SUTURA-TENORRAFIA EN TENDON EXTENSOR DE LA MUÑECA O DE DEDO DE;Int;$36329.90;1;$17721.90;;;;$54051.80;01/04/26
2 210,2 310,2 410,2 450,2 510,6 030,8 260,8 360,8 430;121504 ;OP.EN TENDONES(REPARACION Y SUTURA-TENORRAFIA EN TENDON EXTENSOR DE LA MUÑECA O DE DEDO DE;Amb;$36329.90;1;$17721.90;;;$124316.98;$178368.78;01/04/26
2 210,2 310,2 410,2 450,2 510,6 030,8 260,8 360,8 430;121504 ;OP.EN TENDONES(REPARACION Y SUTURA-TENORRAFIA EN TENDON EXTENSOR DE LA MUÑECA O DE DEDO DE;Int;$36329.90;1;$17721.90;;;;$54051.80;01/04/26
2 025,2 110;121505 ;OP.EN TENDONES(TENOPLASTIA C/ALARGAM.O ACORTAM.O INJERTO O TRANSFERENCIA DE TENDON EXTENSO;Amb;$47406.08;1;$17721.90;;;$160634.30;$225762.28;01/04/26
2 025,2 110;121505 ;OP.EN TENDONES(TENOPLASTIA C/ALARGAM.O ACORTAM.O INJERTO O TRANSFERENCIA DE TENDON EXTENSO;Int;$47406.08;1;$17721.90;;;;$65127.98;01/04/26
2 210,2 310,2 410,2 450,2 510,6 030,8 260,8 360,8 430;121505 ;OP.EN TENDONES(TENOPLASTIA C/ALARGAM.O ACORTAM.O INJERTO O TRANSFERENCIA DE TENDON EXTENSO;Amb;$47406.08;1;$17721.90;;;$160634.30;$225762.28;01/04/26
2 210,2 310,2 410,2 450,2 510,6 030,8 260,8 360,8 430;121505 ;OP.EN TENDONES(TENOPLASTIA C/ALARGAM.O ACORTAM.O INJERTO O TRANSFERENCIA DE TENDON EXTENSO;Int;$47406.08;1;$17721.90;;;;$65127.98;01/04/26
2 025,2 110;121506 ;OP.EN TENDONES(REPARACION Y SUTURA-TENORRAFIA-DE OTRO TENDON QUE NO SEA DE LA MUÑECA O DED;Amb;$36329.90;1;$17721.90;;;$125015.39;$179067.19;01/04/26
2 025,2 110;121506 ;OP.EN TENDONES(REPARACION Y SUTURA-TENORRAFIA-DE OTRO TENDON QUE NO SEA DE LA MUÑECA O DED;Int;$36329.90;1;$17721.90;;;;$54051.80;01/04/26
2 210,2 310,2 410,2 450,2 510,6 030,8 260,8 360,8 430;121506 ;OP.EN TENDONES(REPARACION Y SUTURA-TENORRAFIA-DE OTRO TENDON QUE NO SEA DE LA MUÑECA O DED;Amb;$36329.90;1;$17721.90;;;$125015.39;$179067.19;01/04/26
2 210,2 310,2 410,2 450,2 510,6 030,8 260,8 360,8 430;121506 ;OP.EN TENDONES(REPARACION Y SUTURA-TENORRAFIA-DE OTRO TENDON QUE NO SEA DE LA MUÑECA O DED;Int;$36329.90;1;$17721.90;;;;$54051.80;01/04/26
2 025,2 110;121509 ;OP.EN TENDONES,VAINAS TENDINOSAS,FASCIAS(ESCISION GANGLION);Amb;$23481.52;;;;;$34920.50;$58402.02;01/04/26
2 025,2 110;121509 ;OP.EN TENDONES,VAINAS TENDINOSAS,FASCIAS(ESCISION GANGLION);Int;$23481.52;;;;;;$23481.52;01/04/26
2 210,2 310,2 410,2 450,2 510,6 030,8 260,8 360,8 430;121509 ;OP.EN TENDONES,VAINAS TENDINOSAS,FASCIAS(ESCISION GANGLION);Amb;$23481.52;;;;;$34920.50;$58402.02;01/04/26
2 210,2 310,2 410,2 450,2 510,6 030,8 260,8 360,8 430;121509 ;OP.EN TENDONES,VAINAS TENDINOSAS,FASCIAS(ESCISION GANGLION);Int;$23481.52;;;;;;$23481.52;01/04/26
2 025,2 110;121608 ;AMPUTACION-DESARTICULACION(DEDO DE LA MANO);Amb;$36329.90;1;$17721.90;;;$45396.65;$99448.45;01/04/26
2 025,2 110;121608 ;AMPUTACION-DESARTICULACION(DEDO DE LA MANO);Int;$36329.90;1;$17721.90;;;;$54051.80;01/04/26
2 210,2 310,2 410,2 450,2 510,6 030,8 260,8 360,8 430;121608 ;AMPUTACION-DESARTICULACION(DEDO DE LA MANO);Amb;$36329.90;1;$17721.90;;;$45396.65;$99448.45;01/04/26
2 210,2 310,2 410,2 450,2 510,6 030,8 260,8 360,8 430;121608 ;AMPUTACION-DESARTICULACION(DEDO DE LA MANO);Int;$36329.90;1;$17721.90;;;;$54051.80;01/04/26
2 025,2 110;121609 ;AMPUTACION-DESARTICULACION(DEDO DEL PIE);Amb;$23481.52;1;$17721.90;;;$45396.65;$86600.07;01/04/26
2 025,2 110;121609 ;AMPUTACION-DESARTICULACION(DEDO DEL PIE);Int;$23481.52;1;$17721.90;;;;$41203.42;01/04/26
2 210,2 310,2 410,2 450,2 510,6 030,8 260,8 360,8 430;121609 ;AMPUTACION-DESARTICULACION(DEDO DEL PIE);Amb;$23481.52;1;$17721.90;;;$45396.65;$86600.07;01/04/26
2 210,2 310,2 410,2 450,2 510,6 030,8 260,8 360,8 430;121609 ;AMPUTACION-DESARTICULACION(DEDO DEL PIE);Int;$23481.52;1;$17721.90;;;;$41203.42;01/04/26
2 025,2 110;121702 ;DISCECTOMIA CERVICAL,DORSAL O LUMBAR CON ARTRODESIS;Int;$251207.93;2;$50064.37;;;;$351336.67;01/04/26
2 210,2 310,2 410,2 450,2 510,6 030,8 260,8 360,8 430;121702 ;DISCECTOMIA CERVICAL,DORSAL O LUMBAR CON ARTRODESIS;Int;$251207.93;2;$50064.37;;;;$351336.67;01/04/26
2 025,2 110;121726 ;TRATAMIENTO QUIRURGICO COMPLETO DEL HALLUX VALGUS SIMPLE Y/O METATARSUS VARUS PRIMUS-HALLU;Amb;$105445.31;1;$20380.19;;;$184380.24;$310205.74;01/04/26
2 025,2 110;121726 ;TRATAMIENTO QUIRURGICO COMPLETO DEL HALLUX VALGUS SIMPLE Y/O METATARSUS VARUS PRIMUS-HALLU;Int;$105445.31;1;$20380.19;;;;$125825.50;01/04/26
2 210,2 310,2 410,2 450,2 510,6 030,8 260,8 360,8 430;121726 ;TRATAMIENTO QUIRURGICO COMPLETO DEL HALLUX VALGUS SIMPLE Y/O METATARSUS VARUS PRIMUS-HALLU;Amb;$105445.31;1;$20380.19;;;$184380.24;$310205.74;01/04/26
2 210,2 310,2 410,2 450,2 510,6 030,8 260,8 360,8 430;121726 ;TRATAMIENTO QUIRURGICO COMPLETO DEL HALLUX VALGUS SIMPLE Y/O METATARSUS VARUS PRIMUS-HALLU;Int;$105445.31;1;$20380.19;;;;$125825.50;01/04/26
2 025,2 110;121727 ;TRATAMIENTO QUIRURGICO DEL DEDO EN GARRA, EN MARTILLO, DEL QUINTO SUPERDUCTUS, DEL JUANETI;Amb;$36329.90;1;$17721.90;;;$122221.75;$176273.55;01/04/26
2 025,2 110;121727 ;TRATAMIENTO QUIRURGICO DEL DEDO EN GARRA, EN MARTILLO, DEL QUINTO SUPERDUCTUS, DEL JUANETI;Int;$36329.90;1;$17721.90;;;;$54051.80;01/04/26
2 210,2 310,2 410,2 450,2 510,6 030,8 260,8 360,8 430;121727 ;TRATAMIENTO QUIRURGICO DEL DEDO EN GARRA, EN MARTILLO, DEL QUINTO SUPERDUCTUS, DEL JUANETI;Amb;$36329.90;1;$17721.90;;;$122221.75;$176273.55;01/04/26
2 210,2 310,2 410,2 450,2 510,6 030,8 260,8 360,8 430;121727 ;TRATAMIENTO QUIRURGICO DEL DEDO EN GARRA, EN MARTILLO, DEL QUINTO SUPERDUCTUS, DEL JUANETI;Int;$36329.90;1;$17721.90;;;;$54051.80;01/04/26
2 025,2 110;121912 ;YESOS, VENDAJES - VENDAJE EN OCHO ENYESADO;Amb;$7531.81;;;;;$13968.20;$21500.01;01/04/26
2 025,2 110;121912 ;YESOS, VENDAJES - VENDAJE EN OCHO ENYESADO;Int;$7531.81;;;;;;$7531.81;01/04/26
2 210,2 310,2 410,2 450,2 510,6 030,8 260,8 360,8 430;121912 ;YESOS, VENDAJES - VENDAJE EN OCHO ENYESADO;Amb;$7531.81;;;;;$13968.20;$21500.01;01/04/26
2 210,2 310,2 410,2 450,2 510,6 030,8 260,8 360,8 430;121912 ;YESOS, VENDAJES - VENDAJE EN OCHO ENYESADO;Int;$7531.81;;;;;;$7531.81;01/04/26
2 025,2 110;121914 ;YESOS, VENDAJES - VELPEAU DE YESO;Amb;$7531.81;;;;;$20952.30;$28484.11;01/04/26
2 025,2 110;121914 ;YESOS, VENDAJES - VELPEAU DE YESO;Int;$7531.81;;;;;;$7531.81;01/04/26
2 210,2 310,2 410,2 450,2 510,6 030,8 260,8 360,8 430;121914 ;YESOS, VENDAJES - VELPEAU DE YESO;Amb;$7531.81;;;;;$20952.30;$28484.11;01/04/26
2 210,2 310,2 410,2 450,2 510,6 030,8 260,8 360,8 430;121914 ;YESOS, VENDAJES - VELPEAU DE YESO;Int;$7531.81;;;;;;$7531.81;01/04/26
2 025,2 110;121916 ;YESOS, VENDAJES - YESO TORACO-BRAQUIAL;Amb;$31899.42;;;;;$76825.10;$108724.52;01/04/26
2 025,2 110;121916 ;YESOS, VENDAJES - YESO TORACO-BRAQUIAL;Int;$31899.42;;;;;;$31899.42;01/04/26
2 210,2 310,2 410,2 450,2 510,6 030,8 260,8 360,8 430;121916 ;YESOS, VENDAJES - YESO TORACO-BRAQUIAL;Amb;$31899.42;;;;;$76825.10;$108724.52;01/04/26
2 210,2 310,2 410,2 450,2 510,6 030,8 260,8 360,8 430;121916 ;YESOS, VENDAJES - YESO TORACO-BRAQUIAL;Int;$31899.42;;;;;;$31899.42;01/04/26
2 025,2 110;121917 ;YESOS, VENDAJES - YESO BRAQUIPALMAR;Amb;$15506.66;;;;;$34920.50;$50427.16;01/04/26
2 025,2 110;121917 ;YESOS, VENDAJES - YESO BRAQUIPALMAR;Int;$15506.66;;;;;;$15506.66;01/04/26
2 210,2 310,2 410,2 450,2 510,6 030,8 260,8 360,8 430;121917 ;YESOS, VENDAJES - YESO BRAQUIPALMAR;Amb;$15506.66;;;;;$34920.50;$50427.16;01/04/26
2 210,2 310,2 410,2 450,2 510,6 030,8 260,8 360,8 430;121917 ;YESOS, VENDAJES - YESO BRAQUIPALMAR;Int;$15506.66;;;;;;$15506.66;01/04/26
2 025,2 110;121919 ;YESOS, VENDAJES - YESO ANTEBRAQUIPALMAR;Amb;$7531.81;;;;;$34920.50;$42452.31;01/04/26
2 025,2 110;121919 ;YESOS, VENDAJES - YESO ANTEBRAQUIPALMAR;Int;$7531.81;;;;;;$7531.81;01/04/26
2 210,2 310,2 410,2 450,2 510,6 030,8 260,8 360,8 430;121919 ;YESOS, VENDAJES - YESO ANTEBRAQUIPALMAR;Amb;$7531.81;;;;;$34920.50;$42452.31;01/04/26
2 210,2 310,2 410,2 450,2 510,6 030,8 260,8 360,8 430;121919 ;YESOS, VENDAJES - YESO ANTEBRAQUIPALMAR;Int;$7531.81;;;;;;$7531.81;01/04/26
2 025,2 110;121921 ;YESOS, VENDAJES - VALVA LARGA DE MIEMBRO SUPERIOR;Amb;$7531.81;;;;;$13968.20;$21500.01;01/04/26
2 025,2 110;121921 ;YESOS, VENDAJES - VALVA LARGA DE MIEMBRO SUPERIOR;Int;$7531.81;;;;;;$7531.81;01/04/26
2 210,2 310,2 410,2 450,2 510,6 030,8 260,8 360,8 430;121921 ;YESOS, VENDAJES - VALVA LARGA DE MIEMBRO SUPERIOR;Amb;$7531.81;;;;;$13968.20;$21500.01;01/04/26
2 210,2 310,2 410,2 450,2 510,6 030,8 260,8 360,8 430;121921 ;YESOS, VENDAJES - VALVA LARGA DE MIEMBRO SUPERIOR;Int;$7531.81;;;;;;$7531.81;01/04/26
2 025,2 110;121922 ;YESOS, VENDAJES - VALVA CORTA DE MIEMBRO SUPERIOR;Amb;$5316.57;;;;;$13968.20;$19284.77;01/04/26
2 025,2 110;121922 ;YESOS, VENDAJES - VALVA CORTA DE MIEMBRO SUPERIOR;Int;$5316.57;;;;;;$5316.57;01/04/26
2 210,2 310,2 410,2 450,2 510,6 030,8 260,8 360,8 430;121922 ;YESOS, VENDAJES - VALVA CORTA DE MIEMBRO SUPERIOR;Amb;$5316.57;;;;;$13968.20;$19284.77;01/04/26
2 210,2 310,2 410,2 450,2 510,6 030,8 260,8 360,8 430;121922 ;YESOS, VENDAJES - VALVA CORTA DE MIEMBRO SUPERIOR;Int;$5316.57;;;;;;$5316.57;01/04/26
2 025,2 110;121925 ;YESOS, VENDAJES - CALZA DE YESO -YESO CRURO-PEDICO-;Amb;$15506.66;;;;;$34920.50;$50427.16;01/04/26
2 025,2 110;121925 ;YESOS, VENDAJES - CALZA DE YESO -YESO CRURO-PEDICO-;Int;$15506.66;;;;;;$15506.66;01/04/26
2 210,2 310,2 410,2 450,2 510,6 030,8 260,8 360,8 430;121925 ;YESOS, VENDAJES - CALZA DE YESO -YESO CRURO-PEDICO-;Amb;$15506.66;;;;;$34920.50;$50427.16;01/04/26
2 210,2 310,2 410,2 450,2 510,6 030,8 260,8 360,8 430;121925 ;YESOS, VENDAJES - CALZA DE YESO -YESO CRURO-PEDICO-;Int;$15506.66;;;;;;$15506.66;01/04/26
2 025,2 110;121926 ;YESOS, VENDAJES - BOTA LARGA DE YESO;Amb;$23481.52;;;;;$34920.50;$58402.02;01/04/26
2 025,2 110;121926 ;YESOS, VENDAJES - BOTA LARGA DE YESO;Int;$23481.52;;;;;;$23481.52;01/04/26
2 210,2 310,2 410,2 450,2 510,6 030,8 260,8 360,8 430;121926 ;YESOS, VENDAJES - BOTA LARGA DE YESO;Amb;$23481.52;;;;;$34920.50;$58402.02;01/04/26
2 210,2 310,2 410,2 450,2 510,6 030,8 260,8 360,8 430;121926 ;YESOS, VENDAJES - BOTA LARGA DE YESO;Int;$23481.52;;;;;;$23481.52;01/04/26
2 025,2 110;121927 ;YESOS, VENDAJES - BOTA CORTA DE YESO;Amb;$15506.66;;;;;$34920.50;$50427.16;01/04/26
2 025,2 110;121927 ;YESOS, VENDAJES - BOTA CORTA DE YESO;Int;$15506.66;;;;;;$15506.66;01/04/26
2 210,2 310,2 410,2 450,2 510,6 030,8 260,8 360,8 430;121927 ;YESOS, VENDAJES - BOTA CORTA DE YESO;Amb;$15506.66;;;;;$34920.50;$50427.16;01/04/26
2 210,2 310,2 410,2 450,2 510,6 030,8 260,8 360,8 430;121927 ;YESOS, VENDAJES - BOTA CORTA DE YESO;Int;$15506.66;;;;;;$15506.66;01/04/26
2 025,2 110;121929 ;YESOS, VENDAJES - VALVA LARGA DE MIEMBRO INFERIOR;Amb;$15506.66;;;;;$13968.20;$29474.86;01/04/26
2 025,2 110;121929 ;YESOS, VENDAJES - VALVA LARGA DE MIEMBRO INFERIOR;Int;$15506.66;;;;;;$15506.66;01/04/26
2 210,2 310,2 410,2 450,2 510,6 030,8 260,8 360,8 430;121929 ;YESOS, VENDAJES - VALVA LARGA DE MIEMBRO INFERIOR;Amb;$15506.66;;;;;$13968.20;$29474.86;01/04/26
2 210,2 310,2 410,2 450,2 510,6 030,8 260,8 360,8 430;121929 ;YESOS, VENDAJES - VALVA LARGA DE MIEMBRO INFERIOR;Int;$15506.66;;;;;;$15506.66;01/04/26
2 025,2 110;121930 ;YESOS, VENDAJES - VALVA CORTA DE MIEMBRO INFERIOR;Amb;$5316.57;;;;;$13968.20;$19284.77;01/04/26
2 025,2 110;121930 ;YESOS, VENDAJES - VALVA CORTA DE MIEMBRO INFERIOR;Int;$5316.57;;;;;;$5316.57;01/04/26
2 210,2 310,2 410,2 450,2 510,6 030,8 260,8 360,8 430;121930 ;YESOS, VENDAJES - VALVA CORTA DE MIEMBRO INFERIOR;Amb;$5316.57;;;;;$13968.20;$19284.77;01/04/26
2 210,2 310,2 410,2 450,2 510,6 030,8 260,8 360,8 430;121930 ;YESOS, VENDAJES - VALVA CORTA DE MIEMBRO INFERIOR;Int;$5316.57;;;;;;$5316.57;01/04/26
2 025,2 110;130102 ;ESCISION AMPLIA DE LESION O TUMOR MALIGNO DE PIEL, INCLUYE REPARACION PLASTICA.;Amb;$36329.90;1;$17721.90;;;$83809.20;$137861.00;01/04/26
2 025,2 110;130102 ;ESCISION AMPLIA DE LESION O TUMOR MALIGNO DE PIEL, INCLUYE REPARACION PLASTICA.;Int;$36329.90;1;$17721.90;;;;$54051.80;01/04/26
2 210,2 310,2 410,2 450,2 510,6 030,8 260,8 360,8 430;130102 ;ESCISION AMPLIA DE LESION O TUMOR MALIGNO DE PIEL, INCLUYE REPARACION PLASTICA.;Amb;$36329.90;1;$17721.90;;;$83809.20;$137861.00;01/04/26
2 210,2 310,2 410,2 450,2 510,6 030,8 260,8 360,8 430;130102 ;ESCISION AMPLIA DE LESION O TUMOR MALIGNO DE PIEL, INCLUYE REPARACION PLASTICA.;Int;$36329.90;1;$17721.90;;;;$54051.80;01/04/26
2 025,2 110;130104 ;ESCISION LOCAL DE LESION DE PIEL O GLANDULA CICATRIZAL, INFLAMATORIA, CONGENITA O TUMORA;Amb;$12848.38;;;;;$31428.45;$44276.83;01/04/26
2 025,2 110;130104 ;ESCISION LOCAL DE LESION DE PIEL O GLANDULA CICATRIZAL, INFLAMATORIA, CONGENITA O TUMORA;Int;$12848.38;;;;;;$12848.38;01/04/26
2 210,2 310,2 410,2 450,2 510,6 030,8 260,8 360,8 430;130104 ;ESCISION LOCAL DE LESION DE PIEL O GLANDULA CICATRIZAL, INFLAMATORIA, CONGENITA O TUMORA;Amb;$12848.38;;;;;$31428.45;$44276.83;01/04/26
2 210,2 310,2 410,2 450,2 510,6 030,8 260,8 360,8 430;130104 ;ESCISION LOCAL DE LESION DE PIEL O GLANDULA CICATRIZAL, INFLAMATORIA, CONGENITA O TUMORA;Int;$12848.38;;;;;;$12848.38;01/04/26
2 025,2 110;130105 ;INCISION Y DRENAJE DE ABSCESO SUPERFICIAL.;Amb;$7531.81;;;;;$18158.66;$25690.47;01/04/26
2 025,2 110;130105 ;INCISION Y DRENAJE DE ABSCESO SUPERFICIAL.;Int;$7531.81;;;;;;$7531.81;01/04/26
2 210,2 310,2 410,2 450,2 510,6 030,8 260,8 360,8 430;130105 ;INCISION Y DRENAJE DE ABSCESO SUPERFICIAL.;Amb;$7531.81;;;;;$18158.66;$25690.47;01/04/26
2 210,2 310,2 410,2 450,2 510,6 030,8 260,8 360,8 430;130105 ;INCISION Y DRENAJE DE ABSCESO SUPERFICIAL.;Int;$7531.81;;;;;;$7531.81;01/04/26
2 025,2 110;130107 ;DESTRUCCION DE LESION DE PIEL -VERRUGA, QUERATOSISENIL,FIBROMA, NEVUS, ETC. POR ELETROCOAG;Amb;$7531.81;;;;;$31428.45;$38960.26;01/04/26
2 025,2 110;130107 ;DESTRUCCION DE LESION DE PIEL -VERRUGA, QUERATOSISENIL,FIBROMA, NEVUS, ETC. POR ELETROCOAG;Int;$7531.81;;;;;;$7531.81;01/04/26
2 210,2 310,2 410,2 450,2 510,6 030,8 260,8 360,8 430;130107 ;DESTRUCCION DE LESION DE PIEL -VERRUGA, QUERATOSISENIL,FIBROMA, NEVUS, ETC. POR ELETROCOAG;Amb;$7531.81;;;;;$31428.45;$38960.26;01/04/26
2 210,2 310,2 410,2 450,2 510,6 030,8 260,8 360,8 430;130107 ;DESTRUCCION DE LESION DE PIEL -VERRUGA, QUERATOSISENIL,FIBROMA, NEVUS, ETC. POR ELETROCOAG;Int;$7531.81;;;;;;$7531.81;01/04/26
2 025,2 110;130109 ;ESCISION DE UÑA, LECHO O REPLIEGUE UNGUEAL.;Amb;$12848.38;;;;;$18158.66;$31007.04;01/04/26
2 025,2 110;130109 ;ESCISION DE UÑA, LECHO O REPLIEGUE UNGUEAL.;Int;$12848.38;;;;;;$12848.38;01/04/26
2 210,2 310,2 410,2 450,2 510,6 030,8 260,8 360,8 430;130109 ;ESCISION DE UÑA, LECHO O REPLIEGUE UNGUEAL.;Amb;$12848.38;;;;;$18158.66;$31007.04;01/04/26
2 210,2 310,2 410,2 450,2 510,6 030,8 260,8 360,8 430;130109 ;ESCISION DE UÑA, LECHO O REPLIEGUE UNGUEAL.;Int;$12848.38;;;;;;$12848.38;01/04/26
2 025,2 110;130110 ;SUTURA DE HERIDA.;Amb;$17721.90;;;;;$31428.45;$49150.35;01/04/26
2 025,2 110;130110 ;SUTURA DE HERIDA.;Int;$17721.90;;;;;;$17721.90;01/04/26
2 210,2 310,2 410,2 450,2 510,6 030,8 260,8 360,8 430;130110 ;SUTURA DE HERIDA.;Amb;$17721.90;;;;;$31428.45;$49150.35;01/04/26
2 210,2 310,2 410,2 450,2 510,6 030,8 260,8 360,8 430;130110 ;SUTURA DE HERIDA.;Int;$17721.90;;;;;;$17721.90;01/04/26
2 025,2 110;130112 ;ESCISION DE TUMOR DE TEJIDO CELULAR SUBCUTANEO -LIPOMA-.;Amb;$12848.38;;;;;$32825.27;$45673.65;01/04/26
2 025,2 110;130112 ;ESCISION DE TUMOR DE TEJIDO CELULAR SUBCUTANEO -LIPOMA-.;Int;$12848.38;;;;;;$12848.38;01/04/26
2 210,2 310,2 410,2 450,2 510,6 030,8 260,8 360,8 430;130112 ;ESCISION DE TUMOR DE TEJIDO CELULAR SUBCUTANEO -LIPOMA-.;Amb;$12848.38;;;;;$32825.27;$45673.65;01/04/26
2 210,2 310,2 410,2 450,2 510,6 030,8 260,8 360,8 430;130112 ;ESCISION DE TUMOR DE TEJIDO CELULAR SUBCUTANEO -LIPOMA-.;Int;$12848.38;;;;;;$12848.38;01/04/26
2 025,2 110;130113 ;ESCISION DE LIPOMA GIGANTE O PROFUNDO SUBAPONEUROTICO.;Amb;$36329.90;1;$17721.90;;;$82412.38;$136464.18;01/04/26
2 025,2 110;130113 ;ESCISION DE LIPOMA GIGANTE O PROFUNDO SUBAPONEUROTICO.;Int;$36329.90;1;$17721.90;;;;$54051.80;01/04/26
2 210,2 310,2 410,2 450,2 510,6 030,8 260,8 360,8 430;130113 ;ESCISION DE LIPOMA GIGANTE O PROFUNDO SUBAPONEUROTICO.;Amb;$36329.90;1;$17721.90;;;$82412.38;$136464.18;01/04/26
2 210,2 310,2 410,2 450,2 510,6 030,8 260,8 360,8 430;130113 ;ESCISION DE LIPOMA GIGANTE O PROFUNDO SUBAPONEUROTICO.;Int;$36329.90;1;$17721.90;;;;$54051.80;01/04/26
2 025,2 110;130187 ;MODULO DE TRATAMIENTOS DE LESIONES DE PIEL Y PARTES BLANDAS (SOLO GASTOS).;Amb;;;;;;$175165.15;$175165.15;01/04/26
2 210,2 310,2 410,2 450,2 510,6 030,8 260,8 360,8 430;130187 ;MODULO DE TRATAMIENTOS DE LESIONES DE PIEL Y PARTES BLANDAS (SOLO GASTOS).;Amb;;;;;;$175165.15;$175165.15;01/04/26
2 025,2 110;130204 ;CIERRE PLASTICO DE HERIDA POR COLGAJO.;Amb;$36329.90;1;$17721.90;;;$122920.16;$176971.96;01/04/26
2 025,2 110;130204 ;CIERRE PLASTICO DE HERIDA POR COLGAJO.;Int;$36329.90;1;$17721.90;;;;$54051.80;01/04/26
2 210,2 310,2 410,2 450,2 510,6 030,8 260,8 360,8 430;130204 ;CIERRE PLASTICO DE HERIDA POR COLGAJO.;Amb;$36329.90;1;$17721.90;;;$122920.16;$176971.96;01/04/26
2 210,2 310,2 410,2 450,2 510,6 030,8 260,8 360,8 430;130204 ;CIERRE PLASTICO DE HERIDA POR COLGAJO.;Int;$36329.90;1;$17721.90;;;;$54051.80;01/04/26
2 025,2 110;130210 ;DIFERIDO DEL COLGAJO, SEPARACION DEL PEDICULO.;Amb;$23481.52;1;$17721.90;;;$122920.16;$164123.58;01/04/26
2 025,2 110;130210 ;DIFERIDO DEL COLGAJO, SEPARACION DEL PEDICULO.;Int;$23481.52;1;$17721.90;;;;$41203.42;01/04/26
2 210,2 310,2 410,2 450,2 510,6 030,8 260,8 360,8 430;130210 ;DIFERIDO DEL COLGAJO, SEPARACION DEL PEDICULO.;Amb;$23481.52;1;$17721.90;;;$122920.16;$164123.58;01/04/26
2 210,2 310,2 410,2 450,2 510,6 030,8 260,8 360,8 430;130210 ;DIFERIDO DEL COLGAJO, SEPARACION DEL PEDICULO.;Int;$23481.52;1;$17721.90;;;;$41203.42;01/04/26
2 025,2 110;140101 ;TESTIFICACION TOTAL.;Amb;$2157.00;;;;;$1894.25;$4051.25;01/04/26
2 210,2 310,2 410,2 450,2 510,6 030,8 260,8 360,8 430;140101 ;TESTIFICACION TOTAL.;Amb;$2157.00;;;;;$1894.25;$4051.25;01/04/26
2 025,2 110;140102 ;TESTIFICACION PARCIAL -HASTA 4 SESIONES-;Amb;$862.80;;;;;$1363.86;$2226.66;01/04/26
2 210,2 310,2 410,2 450,2 510,6 030,8 260,8 360,8 430;140102 ;TESTIFICACION PARCIAL -HASTA 4 SESIONES-;Amb;$862.80;;;;;$1363.86;$2226.66;01/04/26
2 025,2 110;150101 ;BIOPSIA POR INCISION O POR PUNCION -GANGLIO,LESION DE PIEL,TROZO DE OVARIO,CILINDRO DE HIG;Amb;$3774.75;;;;;$2400.08;$6174.83;01/04/26
2 025,2 110;150101 ;BIOPSIA POR INCISION O POR PUNCION -GANGLIO,LESION DE PIEL,TROZO DE OVARIO,CILINDRO DE HIG;Int;$3774.75;;;;;$2400.08;$6174.83;01/04/26
2 210,2 310,2 410,2 450,2 510,6 030,8 260,8 360,8 430;150101 ;BIOPSIA POR INCISION O POR PUNCION -GANGLIO,LESION DE PIEL,TROZO DE OVARIO,CILINDRO DE HIG;Amb;$3774.75;;;;;$2400.08;$6174.83;01/04/26
2 210,2 310,2 410,2 450,2 510,6 030,8 260,8 360,8 430;150101 ;BIOPSIA POR INCISION O POR PUNCION -GANGLIO,LESION DE PIEL,TROZO DE OVARIO,CILINDRO DE HIG;Int;$3774.75;;;;;$2400.08;$6174.83;01/04/26
2 025,2 110;150102 ;ESTUDIO MACRO Y MICROSCOPICO DE PIEZA OPERATORIA SIMPLE-VESICULA BILIAR,OVARIO,PLACENTA,ES;Amb;$5716.05;;;;;$4800.16;$10516.21;01/04/26
2 025,2 110;150102 ;ESTUDIO MACRO Y MICROSCOPICO DE PIEZA OPERATORIA SIMPLE-VESICULA BILIAR,OVARIO,PLACENTA,ES;Int;$5716.05;;;;;$4800.16;$10516.21;01/04/26
2 210,2 310,2 410,2 450,2 510,6 030,8 260,8 360,8 430;150102 ;ESTUDIO MACRO Y MICROSCOPICO DE PIEZA OPERATORIA SIMPLE-VESICULA BILIAR,OVARIO,PLACENTA,ES;Amb;$5716.05;;;;;$4800.16;$10516.21;01/04/26
2 210,2 310,2 410,2 450,2 510,6 030,8 260,8 360,8 430;150102 ;ESTUDIO MACRO Y MICROSCOPICO DE PIEZA OPERATORIA SIMPLE-VESICULA BILIAR,OVARIO,PLACENTA,ES;Int;$5716.05;;;;;$4800.16;$10516.21;01/04/26
2 025,2 110;150106 ;CITOLOGIA EXFOLIATIVA ONCOLOGICA.;Amb;$3127.65;;;;;$2400.08;$5527.73;01/04/26
2 025,2 110;150106 ;CITOLOGIA EXFOLIATIVA ONCOLOGICA.;Int;$3127.65;;;;;$2400.08;$5527.73;01/04/26
2 210,2 310,2 410,2 450,2 510,6 030,8 260,8 360,8 430;150106 ;CITOLOGIA EXFOLIATIVA ONCOLOGICA.;Amb;$3127.65;;;;;$2400.08;$5527.73;01/04/26
2 210,2 310,2 410,2 450,2 510,6 030,8 260,8 360,8 430;150106 ;CITOLOGIA EXFOLIATIVA ONCOLOGICA.;Int;$3127.65;;;;;$2400.08;$5527.73;01/04/26
2 025,2 110;170101 ;ELECTROCARDIOGRAMA EN CONSULTORIO-CON O SIN PRUEBA DE ESFUERZO-.;Amb;$1078.50;;;;;$1515.40;$2593.90;01/04/26
2 025,2 110;170101 ;ELECTROCARDIOGRAMA EN CONSULTORIO-CON O SIN PRUEBA DE ESFUERZO-.;Int;$1078.50;;;;;$1515.40;$2593.90;01/04/26
2 210,2 310,2 410,2 450,2 510,6 030,8 260,8 360,8 430;170101 ;ELECTROCARDIOGRAMA EN CONSULTORIO-CON O SIN PRUEBA DE ESFUERZO-.;Amb;$1078.50;;;;;$1515.40;$2593.90;01/04/26
2 210,2 310,2 410,2 450,2 510,6 030,8 260,8 360,8 430;170101 ;ELECTROCARDIOGRAMA EN CONSULTORIO-CON O SIN PRUEBA DE ESFUERZO-.;Int;$1078.50;;;;;$1515.40;$2593.90;01/04/26
2 025,2 110;170161 ;HOLTER CARDIACO DE 24 HS (3 CANALES);Amb;;;;;;;$52626.32;01/04/26
2 025,2 110;170161 ;HOLTER CARDIACO DE 24 HS (3 CANALES);Int;;;;;;;$52626.32;01/04/26
2 210,2 310,2 410,2 450,2 510,6 030,8 260,8 360,8 430;170161 ;HOLTER CARDIACO DE 24 HS (3 CANALES);Amb;;;;;;;$52626.32;01/04/26
2 210,2 310,2 410,2 450,2 510,6 030,8 260,8 360,8 430;170161 ;HOLTER CARDIACO DE 24 HS (3 CANALES);Int;;;;;;;$52626.32;01/04/26
2 025,2 110;170177 ;MOD.ECO-STRESS DIGITALIZADO EN REPOSO Y/O ESFUERZO Y/O FARMACOLOG -ECO-DIGITAL MEDIANTE ES;Amb;;;;;;;$79252.04;01/04/26
2 025,2 110;170177 ;MOD.ECO-STRESS DIGITALIZADO EN REPOSO Y/O ESFUERZO Y/O FARMACOLOG -ECO-DIGITAL MEDIANTE ES;Int;;;;;;;$79252.04;01/04/26
2 210,2 310,2 410,2 450,2 510,6 030,8 260,8 360,8 430;170177 ;MOD.ECO-STRESS DIGITALIZADO EN REPOSO Y/O ESFUERZO Y/O FARMACOLOG -ECO-DIGITAL MEDIANTE ES;Amb;;;;;;;$79252.04;01/04/26
2 210,2 310,2 410,2 450,2 510,6 030,8 260,8 360,8 430;170177 ;MOD.ECO-STRESS DIGITALIZADO EN REPOSO Y/O ESFUERZO Y/O FARMACOLOG -ECO-DIGITAL MEDIANTE ES;Int;;;;;;;$79252.04;01/04/26
2 025,2 110;170178 ;MODULO DE ERGOMETRIA COMPUTARIZADA 12 DERIVACIONES-ADULTOS (A PARTIR DE 16 AÑOS DE EDAD);Amb;;;;;;;$19399.38;01/04/26
2 210,2 310,2 410,2 450,2 510,6 030,8 260,8 360,8 430;170178 ;MODULO DE ERGOMETRIA COMPUTARIZADA 12 DERIVACIONES-ADULTOS (A PARTIR DE 16 AÑOS DE EDAD);Amb;;;;;;;$19399.38;01/04/26
2 025,2 110;170197 ;HOLTER DE PRESIÓN ARTERIAL (PRESUROMETRÍA) DE 24HS;Amb;;;;;;;$52626.32;01/04/26
2 210,2 310,2 410,2 450,2 510,6 030,8 260,8 360,8 430;170197 ;HOLTER DE PRESIÓN ARTERIAL (PRESUROMETRÍA) DE 24HS;Amb;;;;;;;$52626.32;01/04/26
2 025,2 110;180106 ;ECOGRAFIA MAMARIA UNI O BILATERAL.;Amb;$3656.07;;;;;$10367.79;$14023.86;01/04/26
2 025,2 110;180106 ;ECOGRAFIA MAMARIA UNI O BILATERAL.;Int;$3466.26;;;;;$9812.91;$13279.17;01/04/26
2 210,2 310,2 410,2 450,2 510,6 030,8 260,8 360,8 430;180106 ;ECOGRAFIA MAMARIA UNI O BILATERAL.;Amb;$3656.07;;;;;$10367.79;$14023.86;01/04/26
2 210,2 310,2 410,2 450,2 510,6 030,8 260,8 360,8 430;180106 ;ECOGRAFIA MAMARIA UNI O BILATERAL.;Int;$3466.26;;;;;$9812.91;$13279.17;01/04/26
2 025,2 110;180172 ;MODULO PUNCION BIOPSIA ECOGRAFICA.INCLUYE PROSTATA TRANSRECTAL.EXCLUYE MAMA/TIROIDES ;Amb;;;;;;;$110251.41;01/04/26
2 025,2 110;180172 ;MODULO PUNCION BIOPSIA ECOGRAFICA.INCLUYE PROSTATA TRANSRECTAL.EXCLUYE MAMA/TIROIDES ;Int;$612.70;;;;;$612.70;$1225.40;01/04/26
2 210,2 310,2 410,2 450,2 510,6 030,8 260,8 360,8 430;180172 ;MODULO PUNCION BIOPSIA ECOGRAFICA.INCLUYE PROSTATA TRANSRECTAL.EXCLUYE MAMA/TIROIDES ;Amb;;;;;;;$110251.41;01/04/26
2 210,2 310,2 410,2 450,2 510,6 030,8 260,8 360,8 430;180172 ;MODULO PUNCION BIOPSIA ECOGRAFICA.INCLUYE PROSTATA TRANSRECTAL.EXCLUYE MAMA/TIROIDES ;Int;$612.70;;;;;$612.70;$1225.40;01/04/26
2 025,2 110;185206 ;DOPPLER CARDIACO -COLOR-;Amb;;;;;;;$90987.44;01/04/26
2 025,2 110;185206 ;DOPPLER CARDIACO -COLOR-;Int;;;;;;;$90987.44;01/04/26
2 210,2 310,2 410,2 450,2 510,6 030,8 260,8 360,8 430;185206 ;DOPPLER CARDIACO -COLOR-;Amb;;;;;;;$90987.44;01/04/26
2 210,2 310,2 410,2 450,2 510,6 030,8 260,8 360,8 430;185206 ;DOPPLER CARDIACO -COLOR-;Int;;;;;;;$90987.44;01/04/26
2 025,2 110;185238 ;DOPPLER DE VASOS DE CUELLO-COLOR-;Amb;;;;;;;$90104.14;01/04/26
2 025,2 110;185238 ;DOPPLER DE VASOS DE CUELLO-COLOR-;Int;;;;;;;$90104.14;01/04/26
2 210,2 310,2 410,2 450,2 510,6 030,8 260,8 360,8 430;185238 ;DOPPLER DE VASOS DE CUELLO-COLOR-;Amb;;;;;;;$90104.14;01/04/26
2 210,2 310,2 410,2 450,2 510,6 030,8 260,8 360,8 430;185238 ;DOPPLER DE VASOS DE CUELLO-COLOR-;Int;;;;;;;$90104.14;01/04/26
2 025,2 110;185715 ;DOPPLER MIEMBRO INFERIOR UNI O BILATERAL ARTERIAL Y VENOSO- COLOR-;Amb;;;;;;;$136481.33;01/04/26
2 025,2 110;185715 ;DOPPLER MIEMBRO INFERIOR UNI O BILATERAL ARTERIAL Y VENOSO- COLOR-;Int;;;;;;;$136481.33;01/04/26
2 210,2 310,2 410,2 450,2 510,6 030,8 260,8 360,8 430;185715 ;DOPPLER MIEMBRO INFERIOR UNI O BILATERAL ARTERIAL Y VENOSO- COLOR-;Amb;;;;;;;$136481.33;01/04/26
2 210,2 310,2 410,2 450,2 510,6 030,8 260,8 360,8 430;185715 ;DOPPLER MIEMBRO INFERIOR UNI O BILATERAL ARTERIAL Y VENOSO- COLOR-;Int;;;;;;;$136481.33;01/04/26
2 025,2 110;190102 ;REGIMEN INDIVIDUAL CON PREPARACION DE MENU DIETETICO;Amb;;;;;;;$9905.41;01/04/26
2 025,2 110;190102 ;REGIMEN INDIVIDUAL CON PREPARACION DE MENU DIETETICO;Int;;;;;;;$9905.41;01/04/26
2 210,2 310,2 410,2 450,2 510,6 030,8 260,8 360,8 430;190102 ;REGIMEN INDIVIDUAL CON PREPARACION DE MENU DIETETICO;Amb;;;;;;;$9905.41;01/04/26
2 210,2 310,2 410,2 450,2 510,6 030,8 260,8 360,8 430;190102 ;REGIMEN INDIVIDUAL CON PREPARACION DE MENU DIETETICO;Int;;;;;;;$9905.41;01/04/26
2 025,2 110;200179 ;MODULO TERAPEUTICO DE PAPILOTOMIA ENDOSCOPICA CON COLANGIOGRA.ENDOSCOP.RETROGRAD;Amb;;;;;;;$710904.16;01/04/26
2 025,2 110;200179 ;MODULO TERAPEUTICO DE PAPILOTOMIA ENDOSCOPICA CON COLANGIOGRA.ENDOSCOP.RETROGRAD;Int;;;;;;;$710904.16;01/04/26
2 210,2 310,2 410,2 450,2 510,6 030,8 260,8 360,8 430;200179 ;MODULO TERAPEUTICO DE PAPILOTOMIA ENDOSCOPICA CON COLANGIOGRA.ENDOSCOP.RETROGRAD;Amb;;;;;;;$710904.16;01/04/26
2 210,2 310,2 410,2 450,2 510,6 030,8 260,8 360,8 430;200179 ;MODULO TERAPEUTICO DE PAPILOTOMIA ENDOSCOPICA CON COLANGIOGRA.ENDOSCOP.RETROGRAD;Int;;;;;;;$710904.16;01/04/26
2 025,2 110;200180 ;MODULO DE FIBRO/VIDEOENDOSCOPIA DIGESTIVA ALTA DIAGNOSTICA (ADULTOS);Amb;$30915.79;;;;;$80363.96;$111279.75;01/04/26
2 210,2 310,2 410,2 450,2 510,6 030,8 260,8 360,8 430;200180 ;MODULO DE FIBRO/VIDEOENDOSCOPIA DIGESTIVA ALTA DIAGNOSTICA (ADULTOS);Amb;$30915.79;;;;;$80363.96;$111279.75;01/04/26
2 025,2 110;200181 ;MODULO DE FIBRO/VIDEOENDOSCOPIA DIGESTIVA BAJA TERAPEUTICA (ADULTOS) (VCC / VIDEOCOLONOSC;Amb;;;;;;;$210742.83;01/04/26
2 025,2 110;200181 ;MODULO DE FIBRO/VIDEOENDOSCOPIA DIGESTIVA BAJA TERAPEUTICA (ADULTOS) (VCC / VIDEOCOLONOSC;Int;;;;;;;$210742.83;01/04/26
2 210,2 310,2 410,2 450,2 510,6 030,8 260,8 360,8 430;200181 ;MODULO DE FIBRO/VIDEOENDOSCOPIA DIGESTIVA BAJA TERAPEUTICA (ADULTOS) (VCC / VIDEOCOLONOSC;Amb;;;;;;;$210742.83;01/04/26
2 210,2 310,2 410,2 450,2 510,6 030,8 260,8 360,8 430;200181 ;MODULO DE FIBRO/VIDEOENDOSCOPIA DIGESTIVA BAJA TERAPEUTICA (ADULTOS) (VCC / VIDEOCOLONOSC;Int;;;;;;;$210742.83;01/04/26
2 025,2 110;200185 ;MODULO DE FIBRO/VIDEOENDOSCOPIA DIGESTIVA BAJA DIAGNOSTICA (ADULTOS) (VCC / VIDEOCOLONOSC;Amb;;;;;;;$187327.64;01/04/26
2 210,2 310,2 410,2 450,2 510,6 030,8 260,8 360,8 430;200185 ;MODULO DE FIBRO/VIDEOENDOSCOPIA DIGESTIVA BAJA DIAGNOSTICA (ADULTOS) (VCC / VIDEOCOLONOSC;Amb;;;;;;;$187327.64;01/04/26
2 025,2 110;200186 ;MODULO DE FIBRO/VIDEOENDOSCOPIA DIGESTIVA ALTA TERAPEUTICA (ADULTOS);Amb;$49458.74;;;;;$111271.87;$160730.61;01/04/26
2 025,2 110;200186 ;MODULO DE FIBRO/VIDEOENDOSCOPIA DIGESTIVA ALTA TERAPEUTICA (ADULTOS);Int;$49458.74;;;;;$111271.87;$160730.61;01/04/26
2 210,2 310,2 410,2 450,2 510,6 030,8 260,8 360,8 430;200186 ;MODULO DE FIBRO/VIDEOENDOSCOPIA DIGESTIVA ALTA TERAPEUTICA (ADULTOS);Amb;$49458.74;;;;;$111271.87;$160730.61;01/04/26
2 210,2 310,2 410,2 450,2 510,6 030,8 260,8 360,8 430;200186 ;MODULO DE FIBRO/VIDEOENDOSCOPIA DIGESTIVA ALTA TERAPEUTICA (ADULTOS);Int;$49458.74;;;;;$111271.87;$160730.61;01/04/26
2 025,2 110;200270 ;RESECCION ENDOSCOPICA DE LA MUCOSA GASTRICA (MUCOSECTOMIA);Amb;;;;;;;$319082.14;01/04/26
2 025,2 110;200270 ;RESECCION ENDOSCOPICA DE LA MUCOSA GASTRICA (MUCOSECTOMIA);Int;;;;;;;$319082.14;01/04/26
2 210,2 310,2 410,2 450,2 510,6 030,8 260,8 360,8 430;200270 ;RESECCION ENDOSCOPICA DE LA MUCOSA GASTRICA (MUCOSECTOMIA);Amb;;;;;;;$319082.14;01/04/26
2 210,2 310,2 410,2 450,2 510,6 030,8 260,8 360,8 430;200270 ;RESECCION ENDOSCOPICA DE LA MUCOSA GASTRICA (MUCOSECTOMIA);Int;;;;;;;$319082.14;01/04/26
2 025,2 110;220101 ;COLPOSCOPIA-TRAQUELOSCOPIA-;Amb;;;;;;;$5025.79;01/04/26
2 025,2 110;220101 ;COLPOSCOPIA-TRAQUELOSCOPIA-;Int;;;;;;;$5025.79;01/04/26
2 210,2 310,2 410,2 450,2 510,6 030,8 260,8 360,8 430;220101 ;COLPOSCOPIA-TRAQUELOSCOPIA-;Amb;;;;;;;$5025.79;01/04/26
2 210,2 310,2 410,2 450,2 510,6 030,8 260,8 360,8 430;220101 ;COLPOSCOPIA-TRAQUELOSCOPIA-;Int;;;;;;;$5025.79;01/04/26
2 025,2 110;220202 ;MONITOREO FETAL;Amb;$2157.00;;;;;$3788.50;$5945.50;01/04/26
2 025,2 110;220202 ;MONITOREO FETAL;Int;$2157.00;;;;;$3788.50;$5945.50;01/04/26
2 210,2 310,2 410,2 450,2 510,6 030,8 260,8 360,8 430;220202 ;MONITOREO FETAL;Amb;$2157.00;;;;;$3788.50;$5945.50;01/04/26
2 210,2 310,2 410,2 450,2 510,6 030,8 260,8 360,8 430;220202 ;MONITOREO FETAL;Int;$2157.00;;;;;$3788.50;$5945.50;01/04/26
2 025,2 110;220203 ;METODO PSICOPROFILACTICO DEL PARTO*;Amb;;;;;;;$34619.58;01/04/26
2 210,2 310,2 410,2 450,2 510,6 030,8 260,8 360,8 430;220203 ;METODO PSICOPROFILACTICO DEL PARTO*;Amb;;;;;;;$42032.69;01/04/26
2 025,2 110;230154 ;FORMULA LEUCOCITARIA;Amb;$215.70;;;;;$600.02;$815.72;01/04/26
2 025,2 110;230154 ;FORMULA LEUCOCITARIA;Int;$215.70;;;;;$600.02;$815.72;01/04/26
2 210,2 310,2 410,2 450,2 510,6 030,8 260,8 360,8 430;230154 ;FORMULA LEUCOCITARIA;Amb;$215.70;;;;;$600.02;$815.72;01/04/26
2 210,2 310,2 410,2 450,2 510,6 030,8 260,8 360,8 430;230154 ;FORMULA LEUCOCITARIA;Int;$215.70;;;;;$600.02;$815.72;01/04/26
2 025,2 110;230158 ;GLOBULOS BLANCOS,RECUENTO;Amb;$215.70;;;;;$600.02;$815.72;01/04/26
2 025,2 110;230158 ;GLOBULOS BLANCOS,RECUENTO;Int;$215.70;;;;;$600.02;$815.72;01/04/26
2 210,2 310,2 410,2 450,2 510,6 030,8 260,8 360,8 430;230158 ;GLOBULOS BLANCOS,RECUENTO;Amb;$215.70;;;;;$600.02;$815.72;01/04/26
2 210,2 310,2 410,2 450,2 510,6 030,8 260,8 360,8 430;230158 ;GLOBULOS BLANCOS,RECUENTO;Int;$215.70;;;;;$600.02;$815.72;01/04/26
2 025,2 110;230159 ;GLOBULOS ROJOS,RECUENTO;Amb;$215.70;;;;;$600.02;$815.72;01/04/26
2 025,2 110;230159 ;GLOBULOS ROJOS,RECUENTO;Int;$215.70;;;;;$600.02;$815.72;01/04/26
2 210,2 310,2 410,2 450,2 510,6 030,8 260,8 360,8 430;230159 ;GLOBULOS ROJOS,RECUENTO;Amb;$215.70;;;;;$600.02;$815.72;01/04/26
2 210,2 310,2 410,2 450,2 510,6 030,8 260,8 360,8 430;230159 ;GLOBULOS ROJOS,RECUENTO;Int;$215.70;;;;;$600.02;$815.72;01/04/26
2 025,2 110;230168 ;HEMATOCRITO;Amb;$215.70;;;;;$600.02;$815.72;01/04/26
2 025,2 110;230168 ;HEMATOCRITO;Int;$215.70;;;;;$600.02;$815.72;01/04/26
2 210,2 310,2 410,2 450,2 510,6 030,8 260,8 360,8 430;230168 ;HEMATOCRITO;Amb;$215.70;;;;;$600.02;$815.72;01/04/26
2 210,2 310,2 410,2 450,2 510,6 030,8 260,8 360,8 430;230168 ;HEMATOCRITO;Int;$215.70;;;;;$600.02;$815.72;01/04/26
2 025,2 110;230175 ;HEMOGLOBINA EN PLASMA;Amb;$431.40;;;;;$1200.04;$1631.44;01/04/26
2 025,2 110;230175 ;HEMOGLOBINA EN PLASMA;Int;$431.40;;;;;$1200.04;$1631.44;01/04/26
2 210,2 310,2 410,2 450,2 510,6 030,8 260,8 360,8 430;230175 ;HEMOGLOBINA EN PLASMA;Amb;$431.40;;;;;$1200.04;$1631.44;01/04/26
2 210,2 310,2 410,2 450,2 510,6 030,8 260,8 360,8 430;230175 ;HEMOGLOBINA EN PLASMA;Int;$431.40;;;;;$1200.04;$1631.44;01/04/26
2 210,2 310,2 410,2 450,2 510,6 030,8 260,8 360,8 430;230178 ;HEMOGRAMA.INCLUYE RECUENTO DE HEMATIES,LEUCOCITOS,FORMULA L EUCOCITARIA Y MORFOLOGIA,HEMAT;Amb;$431.40;;;;;$780.03;$1211.43;01/04/26
2 025,2 110;230203 ;PLAQUETAS,RECUENTO DE;Amb;$215.70;;;;;$600.02;$815.72;01/04/26
2 025,2 110;230203 ;PLAQUETAS,RECUENTO DE;Int;$215.70;;;;;$600.02;$815.72;01/04/26
2 210,2 310,2 410,2 450,2 510,6 030,8 260,8 360,8 430;230203 ;PLAQUETAS,RECUENTO DE;Amb;$215.70;;;;;$600.02;$815.72;01/04/26
2 210,2 310,2 410,2 450,2 510,6 030,8 260,8 360,8 430;230203 ;PLAQUETAS,RECUENTO DE;Int;$215.70;;;;;$600.02;$815.72;01/04/26
2 025,2 110;230210 ;PROTROMBINA,TIEMPO DE-QUICK-;Amb;$215.70;;;;;$1200.04;$1415.74;01/04/26
2 025,2 110;230210 ;PROTROMBINA,TIEMPO DE-QUICK-;Int;$215.70;;;;;$1200.04;$1415.74;01/04/26
2 210,2 310,2 410,2 450,2 510,6 030,8 260,8 360,8 430;230210 ;PROTROMBINA,TIEMPO DE-QUICK-;Amb;$215.70;;;;;$1200.04;$1415.74;01/04/26
2 210,2 310,2 410,2 450,2 510,6 030,8 260,8 360,8 430;230210 ;PROTROMBINA,TIEMPO DE-QUICK-;Int;$215.70;;;;;$1200.04;$1415.74;01/04/26
2 025,2 110;230219 ;RETICULOCITOS;Amb;$215.70;;;;;$600.02;$815.72;01/04/26
2 025,2 110;230219 ;RETICULOCITOS;Int;$215.70;;;;;$600.02;$815.72;01/04/26
2 210,2 310,2 410,2 450,2 510,6 030,8 260,8 360,8 430;230219 ;RETICULOCITOS;Amb;$215.70;;;;;$600.02;$815.72;01/04/26
2 210,2 310,2 410,2 450,2 510,6 030,8 260,8 360,8 430;230219 ;RETICULOCITOS;Int;$215.70;;;;;$600.02;$815.72;01/04/26
2 025,2 110;230229 ;TROMBOPLASTINA,TIEMPO DE-PARCIAL- (TTPA);Amb;$431.40;;;;;$1200.04;$1631.44;01/04/26
2 025,2 110;230229 ;TROMBOPLASTINA,TIEMPO DE-PARCIAL- (TTPA);Int;$431.40;;;;;$1200.04;$1631.44;01/04/26
2 210,2 310,2 410,2 450,2 510,6 030,8 260,8 360,8 430;230229 ;TROMBOPLASTINA,TIEMPO DE-PARCIAL- (TTPA);Amb;$431.40;;;;;$1200.04;$1631.44;01/04/26
2 210,2 310,2 410,2 450,2 510,6 030,8 260,8 360,8 430;230229 ;TROMBOPLASTINA,TIEMPO DE-PARCIAL- (TTPA);Int;$431.40;;;;;$1200.04;$1631.44;01/04/26
2 025,2 110;236275 ;MODULO GRUPO SANGUINEO RH(+), COMPATIBILIDAD Y/O SANGRE EN ESPERA(RECEPTOR);Amb;$618.19;;;;;$618.19;$1236.38;01/04/26
2 025,2 110;236275 ;MODULO GRUPO SANGUINEO RH(+), COMPATIBILIDAD Y/O SANGRE EN ESPERA(RECEPTOR);Int;$618.19;;;;;$618.19;$1236.38;01/04/26
2 210,2 310,2 410,2 450,2 510,6 030,8 260,8 360,8 430;236275 ;MODULO GRUPO SANGUINEO RH(+), COMPATIBILIDAD Y/O SANGRE EN ESPERA(RECEPTOR);Amb;$618.19;;;;;$618.19;$1236.38;01/04/26
2 210,2 310,2 410,2 450,2 510,6 030,8 260,8 360,8 430;236275 ;MODULO GRUPO SANGUINEO RH(+), COMPATIBILIDAD Y/O SANGRE EN ESPERA(RECEPTOR);Int;$618.19;;;;;$618.19;$1236.38;01/04/26
2 025,2 110;236276 ;MODULO GRUPO SANGUINEO RH(-), COMPATIBILIDAD Y/O SANGRE EN ESPERA(RECEPTOR);Amb;$618.19;;;;;$618.19;$1236.38;01/04/26
2 025,2 110;236276 ;MODULO GRUPO SANGUINEO RH(-), COMPATIBILIDAD Y/O SANGRE EN ESPERA(RECEPTOR);Int;$618.19;;;;;$618.19;$1236.38;01/04/26
2 210,2 310,2 410,2 450,2 510,6 030,8 260,8 360,8 430;236276 ;MODULO GRUPO SANGUINEO RH(-), COMPATIBILIDAD Y/O SANGRE EN ESPERA(RECEPTOR);Amb;$618.19;;;;;$618.19;$1236.38;01/04/26
2 210,2 310,2 410,2 450,2 510,6 030,8 260,8 360,8 430;236276 ;MODULO GRUPO SANGUINEO RH(-), COMPATIBILIDAD Y/O SANGRE EN ESPERA(RECEPTOR);Int;$618.19;;;;;$618.19;$1236.38;01/04/26
2 025,2 110;240181 ;MODULO DE CRIOPRECIPITADOS.;Amb;$618.19;;;;;$618.19;$1236.38;01/04/26
2 025,2 110;240181 ;MODULO DE CRIOPRECIPITADOS.;Int;$618.19;;;;;$618.19;$1236.38;01/04/26
2 210,2 310,2 410,2 450,2 510,6 030,8 260,8 360,8 430;240181 ;MODULO DE CRIOPRECIPITADOS.;Amb;$618.19;;;;;$618.19;$1236.38;01/04/26
2 210,2 310,2 410,2 450,2 510,6 030,8 260,8 360,8 430;240181 ;MODULO DE CRIOPRECIPITADOS.;Int;$618.19;;;;;$618.19;$1236.38;01/04/26
2 025,2 110;250181 ;MODULO DE TRATAMIENTO KINESIOLOGICO.;Amb;;;;;;;$4949.50;01/04/26
2 025,2 110;250181 ;MODULO DE TRATAMIENTO KINESIOLOGICO.;Int;;;;;;;$4949.50;01/04/26
2 210,2 310,2 410,2 450,2 510,6 030,8 260,8 360,8 430;250181 ;MODULO DE TRATAMIENTO KINESIOLOGICO.;Amb;;;;;;;$4949.50;01/04/26
2 210,2 310,2 410,2 450,2 510,6 030,8 260,8 360,8 430;250181 ;MODULO DE TRATAMIENTO KINESIOLOGICO.;Int;;;;;;;$4949.50;01/04/26
2 025,2 110;280101 ;ESPIROMETRIA. COMPRENDE: CAPACIDAD VITAL FORZADA, FLUJO ESPIRATORIO FORZADO, FLUJO MEDIO F;Amb;$1078.50;;;;;$1363.86;$2442.36;01/04/26
2 025,2 110;280101 ;ESPIROMETRIA. COMPRENDE: CAPACIDAD VITAL FORZADA, FLUJO ESPIRATORIO FORZADO, FLUJO MEDIO F;Int;$1078.50;;;;;$1363.86;$2442.36;01/04/26
2 210,2 310,2 410,2 450,2 510,6 030,8 260,8 360,8 430;280101 ;ESPIROMETRIA. COMPRENDE: CAPACIDAD VITAL FORZADA, FLUJO ESPIRATORIO FORZADO, FLUJO MEDIO F;Amb;$1078.50;;;;;$1363.86;$2442.36;01/04/26
2 210,2 310,2 410,2 450,2 510,6 030,8 260,8 360,8 430;280101 ;ESPIROMETRIA. COMPRENDE: CAPACIDAD VITAL FORZADA, FLUJO ESPIRATORIO FORZADO, FLUJO MEDIO F;Int;$1078.50;;;;;$1363.86;$2442.36;01/04/26
2 025,2 110;280102 ;ESPIROMETRIA ANTES Y DESPUES DE USO DE BRONCODILATADORES-INCLUYE BRONCODILATADORES-;Amb;$1725.60;;;;;$1363.86;$3089.46;01/04/26
2 025,2 110;280102 ;ESPIROMETRIA ANTES Y DESPUES DE USO DE BRONCODILATADORES-INCLUYE BRONCODILATADORES-;Int;$1725.60;;;;;$1363.86;$3089.46;01/04/26
2 210,2 310,2 410,2 450,2 510,6 030,8 260,8 360,8 430;280102 ;ESPIROMETRIA ANTES Y DESPUES DE USO DE BRONCODILATADORES-INCLUYE BRONCODILATADORES-;Amb;$1725.60;;;;;$1363.86;$3089.46;01/04/26
2 210,2 310,2 410,2 450,2 510,6 030,8 260,8 360,8 430;280102 ;ESPIROMETRIA ANTES Y DESPUES DE USO DE BRONCODILATADORES-INCLUYE BRONCODILATADORES-;Int;$1725.60;;;;;$1363.86;$3089.46;01/04/26
2 025,2 110;280106 ;BRONCOFIBROSCOPIA LAVADO BRONCOALVEOLAR;Amb;$6471.00;;;;;$25913.34;$32384.34;01/04/26
2 025,2 110;280106 ;BRONCOFIBROSCOPIA LAVADO BRONCOALVEOLAR;Int;$6471.00;;;;;$25913.34;$32384.34;01/04/26
2 210,2 310,2 410,2 450,2 510,6 030,8 260,8 360,8 430;280106 ;BRONCOFIBROSCOPIA LAVADO BRONCOALVEOLAR;Amb;$6471.00;;;;;$25913.34;$32384.34;01/04/26
2 210,2 310,2 410,2 450,2 510,6 030,8 260,8 360,8 430;280106 ;BRONCOFIBROSCOPIA LAVADO BRONCOALVEOLAR;Int;$6471.00;;;;;$25913.34;$32384.34;01/04/26
2 025,2 110;280107 ;CURVA DE FLUJO VOLUMEN,CON O SIN ESPIROMETRIA;Amb;$1078.50;;;;;$757.70;$1836.20;01/04/26
2 025,2 110;280107 ;CURVA DE FLUJO VOLUMEN,CON O SIN ESPIROMETRIA;Int;$1078.50;;;;;$757.70;$1836.20;01/04/26
2 210,2 310,2 410,2 450,2 510,6 030,8 260,8 360,8 430;280107 ;CURVA DE FLUJO VOLUMEN,CON O SIN ESPIROMETRIA;Amb;$1078.50;;;;;$757.70;$1836.20;01/04/26
2 210,2 310,2 410,2 450,2 510,6 030,8 260,8 360,8 430;280107 ;CURVA DE FLUJO VOLUMEN,CON O SIN ESPIROMETRIA;Int;$1078.50;;;;;$757.70;$1836.20;01/04/26
2 025,2 110;280108 ;DETERMINACION DE VOLUMENES PULMONARES-COMPRENDE CAPACIDAD VITAL,CAPACIDAD INSPIRATORIA,VOL;Amb;$1725.60;;;;;$1515.40;$3241.00;01/04/26
2 025,2 110;280108 ;DETERMINACION DE VOLUMENES PULMONARES-COMPRENDE CAPACIDAD VITAL,CAPACIDAD INSPIRATORIA,VOL;Int;$1725.60;;;;;$1515.40;$3241.00;01/04/26
2 210,2 310,2 410,2 450,2 510,6 030,8 260,8 360,8 430;280108 ;DETERMINACION DE VOLUMENES PULMONARES-COMPRENDE CAPACIDAD VITAL,CAPACIDAD INSPIRATORIA,VOL;Amb;$1725.60;;;;;$1515.40;$3241.00;01/04/26
2 210,2 310,2 410,2 450,2 510,6 030,8 260,8 360,8 430;280108 ;DETERMINACION DE VOLUMENES PULMONARES-COMPRENDE CAPACIDAD VITAL,CAPACIDAD INSPIRATORIA,VOL;Int;$1725.60;;;;;$1515.40;$3241.00;01/04/26
2 025,2 110;300102 ;CAMPO VISUAL-CAMPIMETRIA Y/O PERIMETRIA- [INCLUIDO EN CONSULTA VESTIDA-;Amb;$2588.40;;;;;$378.85;$2967.25;01/04/26
2 025,2 110;300102 ;CAMPO VISUAL-CAMPIMETRIA Y/O PERIMETRIA- [INCLUIDO EN CONSULTA VESTIDA-;Int;$2588.40;;;;;$378.85;$2967.25;01/04/26
2 210,2 310,2 410,2 450,2 510,6 030,8 260,8 360,8 430;300102 ;CAMPO VISUAL-CAMPIMETRIA Y/O PERIMETRIA- [INCLUIDO EN CONSULTA VESTIDA-;Amb;$2588.40;;;;;$378.85;$2967.25;01/04/26
2 210,2 310,2 410,2 450,2 510,6 030,8 260,8 360,8 430;300102 ;CAMPO VISUAL-CAMPIMETRIA Y/O PERIMETRIA- [INCLUIDO EN CONSULTA VESTIDA-;Int;$2588.40;;;;;$378.85;$2967.25;01/04/26
2 025,2 110;300161 ;CAMPO VISUAL COMPUTARIZADO(AMBOS OJOS);Amb;;;;;;;$27819.84;01/04/26
2 025,2 110;300161 ;CAMPO VISUAL COMPUTARIZADO(AMBOS OJOS);Int;$618.19;;;;;$618.19;$1236.38;01/04/26
2 210,2 310,2 410,2 450,2 510,6 030,8 260,8 360,8 430;300161 ;CAMPO VISUAL COMPUTARIZADO(AMBOS OJOS);Amb;;;;;;;$27819.84;01/04/26
2 210,2 310,2 410,2 450,2 510,6 030,8 260,8 360,8 430;300161 ;CAMPO VISUAL COMPUTARIZADO(AMBOS OJOS);Int;$618.19;;;;;$618.19;$1236.38;01/04/26
2 025,2 110;310111 ;EXTRACCION DE CUERPO EXTRAÑO EN OIDO.EXTRACCION DE TAPON DE CERUMEN-UNI O BILATERAL-;Amb;$647.10;;;;;$378.85;$1025.95;01/04/26
2 025,2 110;310111 ;EXTRACCION DE CUERPO EXTRAÑO EN OIDO.EXTRACCION DE TAPON DE CERUMEN-UNI O BILATERAL-;Int;$647.10;;;;;$378.85;$1025.95;01/04/26
2 210,2 310,2 410,2 450,2 510,6 030,8 260,8 360,8 430;310111 ;EXTRACCION DE CUERPO EXTRAÑO EN OIDO.EXTRACCION DE TAPON DE CERUMEN-UNI O BILATERAL-;Amb;$647.10;;;;;$378.85;$1025.95;01/04/26
2 210,2 310,2 410,2 450,2 510,6 030,8 260,8 360,8 430;310111 ;EXTRACCION DE CUERPO EXTRAÑO EN OIDO.EXTRACCION DE TAPON DE CERUMEN-UNI O BILATERAL-;Int;$647.10;;;;;$378.85;$1025.95;01/04/26
2 025,2 110;310118 ;LARINGOSCOPIA DIRECTA;Amb;$2157.00;;;;;$2273.10;$4430.10;01/04/26
2 025,2 110;310118 ;LARINGOSCOPIA DIRECTA;Int;$2157.00;;;;;$2273.10;$4430.10;01/04/26
2 210,2 310,2 410,2 450,2 510,6 030,8 260,8 360,8 430;310118 ;LARINGOSCOPIA DIRECTA;Amb;$2157.00;;;;;$2273.10;$4430.10;01/04/26
2 210,2 310,2 410,2 450,2 510,6 030,8 260,8 360,8 430;310118 ;LARINGOSCOPIA DIRECTA;Int;$2157.00;;;;;$2273.10;$4430.10;01/04/26
2 025,2 110;310122 ;OTOMICROSCOPIA;Amb;$647.10;;;;;$757.70;$1404.80;01/04/26
2 025,2 110;310122 ;OTOMICROSCOPIA;Int;$647.10;;;;;$757.70;$1404.80;01/04/26
2 210,2 310,2 410,2 450,2 510,6 030,8 260,8 360,8 430;310122 ;OTOMICROSCOPIA;Amb;$647.10;;;;;$757.70;$1404.80;01/04/26
2 210,2 310,2 410,2 450,2 510,6 030,8 260,8 360,8 430;310122 ;OTOMICROSCOPIA;Int;$647.10;;;;;$757.70;$1404.80;01/04/26
2 025,2 110;340468 ;MODULO COLANGIOPANCREOTOGRAFIA POR RESONANCIA MAGNETICA NUCLEAR.;Amb;;;;;;;$111898.58;01/04/26
2 210,2 310,2 410,2 450,2 510,6 030,8 260,8 360,8 430;340468 ;MODULO COLANGIOPANCREOTOGRAFIA POR RESONANCIA MAGNETICA NUCLEAR.;Amb;;;;;;;$111898.58;01/04/26
2 025,2 110;340668 ;MAMOGRAFIA BILATERAL CON PROLONGACION AXILAR.;Amb;;;;;;;$43529.13;01/04/26
2 025,2 110;340668 ;MAMOGRAFIA BILATERAL CON PROLONGACION AXILAR.;Int;;;;;;;$43529.13;01/04/26
2 210,2 310,2 410,2 450,2 510,6 030,8 260,8 360,8 430;340668 ;MAMOGRAFIA BILATERAL CON PROLONGACION AXILAR.;Amb;;;;;;;$43529.13;01/04/26
2 210,2 310,2 410,2 450,2 510,6 030,8 260,8 360,8 430;340668 ;MAMOGRAFIA BILATERAL CON PROLONGACION AXILAR.;Int;;;;;;;$43529.13;01/04/26
2 025,2 110;340681 ;MODULO DE PUNCION ASPIRATIVA DE QUISTE/NODULO MAMARIO BAJO CONTROL ECOGRAFICO.;Amb;;;;;;;$36746.55;01/04/26
2 025,2 110;340681 ;MODULO DE PUNCION ASPIRATIVA DE QUISTE/NODULO MAMARIO BAJO CONTROL ECOGRAFICO.;Int;$612.70;;;;;$612.70;$1225.40;01/04/26
2 210,2 310,2 410,2 450,2 510,6 030,8 260,8 360,8 430;340681 ;MODULO DE PUNCION ASPIRATIVA DE QUISTE/NODULO MAMARIO BAJO CONTROL ECOGRAFICO.;Amb;;;;;;;$36746.55;01/04/26
2 210,2 310,2 410,2 450,2 510,6 030,8 260,8 360,8 430;340681 ;MODULO DE PUNCION ASPIRATIVA DE QUISTE/NODULO MAMARIO BAJO CONTROL ECOGRAFICO.;Int;$612.70;;;;;$612.70;$1225.40;01/04/26
2 025,2 110;340691 ;MAMOGRAFIA DIGITAL DIRECTA CON PROLONGACION AXILAR (BILATERAL);Amb;;;;;;;$52228.72;01/04/26
2 025,2 110;340691 ;MAMOGRAFIA DIGITAL DIRECTA CON PROLONGACION AXILAR (BILATERAL);Int;;;;;;;$52228.72;01/04/26
2 210,2 310,2 410,2 450,2 510,6 030,8 260,8 360,8 430;340691 ;MAMOGRAFIA DIGITAL DIRECTA CON PROLONGACION AXILAR (BILATERAL);Amb;;;;;;;$52228.72;01/04/26
2 210,2 310,2 410,2 450,2 510,6 030,8 260,8 360,8 430;340691 ;MAMOGRAFIA DIGITAL DIRECTA CON PROLONGACION AXILAR (BILATERAL);Int;;;;;;;$52228.72;01/04/26
2 025,2 110;341060 ;RESONANCIA MAGNETICA NUCLEAR DE CEREBRO;Amb;;;;;;;$116372.49;01/04/26
2 025,2 110;341060 ;RESONANCIA MAGNETICA NUCLEAR DE CEREBRO;Int;;;;;;;$159248.22;01/04/26
2 210,2 310,2 410,2 450,2 510,6 030,8 260,8 360,8 430;341060 ;RESONANCIA MAGNETICA NUCLEAR DE CEREBRO;Amb;;;;;;;$116372.49;01/04/26
2 210,2 310,2 410,2 450,2 510,6 030,8 260,8 360,8 430;341060 ;RESONANCIA MAGNETICA NUCLEAR DE CEREBRO;Int;;;;;;;$159248.22;01/04/26
2 025,2 110;341061 ;RESONANCIA MAGNETICA NUCLEAR DE COLUMNA CERVICAL.;Amb;;;;;;;$116372.49;01/04/26
2 025,2 110;341061 ;RESONANCIA MAGNETICA NUCLEAR DE COLUMNA CERVICAL.;Int;;;;;;;$159248.22;01/04/26
2 210,2 310,2 410,2 450,2 510,6 030,8 260,8 360,8 430;341061 ;RESONANCIA MAGNETICA NUCLEAR DE COLUMNA CERVICAL.;Amb;;;;;;;$116372.49;01/04/26
2 210,2 310,2 410,2 450,2 510,6 030,8 260,8 360,8 430;341061 ;RESONANCIA MAGNETICA NUCLEAR DE COLUMNA CERVICAL.;Int;;;;;;;$159248.22;01/04/26
2 025,2 110;341062 ;RESONANCIA MAGNETICA NUCLEAR DE COLUMNA DORSAL.;Amb;;;;;;;$116372.49;01/04/26
2 025,2 110;341062 ;RESONANCIA MAGNETICA NUCLEAR DE COLUMNA DORSAL.;Int;;;;;;;$159248.22;01/04/26
2 210,2 310,2 410,2 450,2 510,6 030,8 260,8 360,8 430;341062 ;RESONANCIA MAGNETICA NUCLEAR DE COLUMNA DORSAL.;Amb;;;;;;;$116372.49;01/04/26
2 210,2 310,2 410,2 450,2 510,6 030,8 260,8 360,8 430;341062 ;RESONANCIA MAGNETICA NUCLEAR DE COLUMNA DORSAL.;Int;;;;;;;$159248.22;01/04/26
2 025,2 110;341063 ;RESONANCIA MAGNETICA NUCLEAR DE COLUMNA LUMBO-SACRA.;Amb;;;;;;;$116372.49;01/04/26
2 025,2 110;341063 ;RESONANCIA MAGNETICA NUCLEAR DE COLUMNA LUMBO-SACRA.;Int;;;;;;;$159248.22;01/04/26
2 210,2 310,2 410,2 450,2 510,6 030,8 260,8 360,8 430;341063 ;RESONANCIA MAGNETICA NUCLEAR DE COLUMNA LUMBO-SACRA.;Amb;;;;;;;$116372.49;01/04/26
2 210,2 310,2 410,2 450,2 510,6 030,8 260,8 360,8 430;341063 ;RESONANCIA MAGNETICA NUCLEAR DE COLUMNA LUMBO-SACRA.;Int;;;;;;;$159248.22;01/04/26
2 025,2 110;341067 ;MOD.PUNCION BIOPSIA BAJO CONTROL TOMOGRAFICO(PUNCION BIOPSIA CONAGUJA).;Amb;$82687.28;;;;;$192937.49;$275624.77;01/04/26
2 025,2 110;341067 ;MOD.PUNCION BIOPSIA BAJO CONTROL TOMOGRAFICO(PUNCION BIOPSIA CONAGUJA).;Int;$82687.28;;;;;$192937.49;$275624.77;01/04/26
2 210,2 310,2 410,2 450,2 510,6 030,8 260,8 360,8 430;341067 ;MOD.PUNCION BIOPSIA BAJO CONTROL TOMOGRAFICO(PUNCION BIOPSIA CONAGUJA).;Amb;$82687.28;;;;;$192937.49;$275624.77;01/04/26
2 210,2 310,2 410,2 450,2 510,6 030,8 260,8 360,8 430;341067 ;MOD.PUNCION BIOPSIA BAJO CONTROL TOMOGRAFICO(PUNCION BIOPSIA CONAGUJA).;Int;$82687.28;;;;;$192937.49;$275624.77;01/04/26
2 025,2 110;360178 ;MODULO URETROCISTOFIBROSCOPIA (URETROCISTOSCOPIA FLEXIBLE);Amb;$3235.43;;;;;$25913.54;$29148.97;01/04/26
2 210,2 310,2 410,2 450,2 510,6 030,8 260,8 360,8 430;360178 ;MODULO URETROCISTOFIBROSCOPIA (URETROCISTOSCOPIA FLEXIBLE);Amb;$3235.43;;;;;$25913.54;$29148.97;01/04/26
2 025,2 110;400164 ;MODULO DIA DE INTERNACION EN UTI CON A.R.M.;Int;;;;;;;$685331.98;01/04/26
2 210,2 310,2 410,2 450,2 510,6 030,8 260,8 360,8 430;400164 ;MODULO DIA DE INTERNACION EN UTI CON A.R.M.;Int;;;;;;;$685331.98;01/04/26
2 025,2 110;400167 ;MODULO DE CUIDADOS ESPECIALES NEONATALES.;Int;;;;;;;$388615.65;01/04/26
2 210,2 310,2 410,2 450,2 510,6 030,8 260,8 360,8 430;400167 ;MODULO DE CUIDADOS ESPECIALES NEONATALES.;Int;;;;;;;$388615.65;01/04/26
2 025,2 110;400168 ;MODULO DE CUIDADOS INTERMEDIOS NEONATALES.;Int;;;;;;;$448402.69;01/04/26
2 210,2 310,2 410,2 450,2 510,6 030,8 260,8 360,8 430;400168 ;MODULO DE CUIDADOS INTERMEDIOS NEONATALES.;Int;;;;;;;$448402.69;01/04/26
2 025,2 110;400169 ;MODULO DIA DE INTERNACION EN UTI SIN A.R.M.;Int;;;;;;;$474590.07;01/04/26
2 210,2 310,2 410,2 450,2 510,6 030,8 260,8 360,8 430;400169 ;MODULO DIA DE INTERNACION EN UTI SIN A.R.M.;Int;;;;;;;$474590.07;01/04/26
2 025,2 110;400170 ;MODULO DIA DE INTERNACION EN UTI NEONATAL SIN A.R.M.;Int;;;;;;;$474590.07;01/04/26
2 210,2 310,2 410,2 450,2 510,6 030,8 260,8 360,8 430;400170 ;MODULO DIA DE INTERNACION EN UTI NEONATAL SIN A.R.M.;Int;;;;;;;$474590.07;01/04/26
2 025,2 110;400172 ;MODULO DIA DE INTERNACION EN UTI NEONATAL CON A.R.M.;Int;;;;;;;$525697.47;01/04/26
2 210,2 310,2 410,2 450,2 510,6 030,8 260,8 360,8 430;400172 ;MODULO DIA DE INTERNACION EN UTI NEONATAL CON A.R.M.;Int;;;;;;;$525697.47;01/04/26
2 025,2 110;420101 ;CONSULTA EN CONSULTORIO DIURNA;Amb;;;;;;;$19012.00;01/04/26
2 210,2 310,2 410,2 450,2 510,6 030,8 260,8 360,8 430;420101 ;CONSULTA EN CONSULTORIO DIURNA;Amb;;;;;;;$19012.00;01/04/26
2 025,2 110;420266 ;CONSULTA DE GUARDIA.;Amb;;;;;;;$19385.00;01/04/26
2 210,2 310,2 410,2 450,2 510,6 030,8 260,8 360,8 430;420266 ;CONSULTA DE GUARDIA.;Amb;;;;;;;$19385.00;01/04/26
2 025,2 110;420301 ;ATENCION MEDICA EN INTERNACION CLINICA POR DIA DE INTERNA CION.;Int;;;;;;;$9275.29;01/04/26
2 210,2 310,2 410,2 450,2 510,6 030,8 260,8 360,8 430;420301 ;ATENCION MEDICA EN INTERNACION CLINICA POR DIA DE INTERNA CION.;Int;;;;;;;$9275.29;01/04/26
2 025,2 110;420303 ;INTERCONSULTA ESPECIALIZADA EN INTERNACION.;Int;;;;;;;$8039.04;01/04/26
2 210,2 310,2 410,2 450,2 510,6 030,8 260,8 360,8 430;420303 ;INTERCONSULTA ESPECIALIZADA EN INTERNACION.;Int;;;;;;;$8039.04;01/04/26
2 025,2 110;430164 ;UNA CAMA PARA ACOMPAÑANTE EN HABITACION INDIVIDUAL CON BAÑO PRIVADO;Int;;;;;;;$15870.11;01/04/26
2 210,2 310,2 410,2 450,2 510,6 030,8 260,8 360,8 430;430164 ;UNA CAMA PARA ACOMPAÑANTE EN HABITACION INDIVIDUAL CON BAÑO PRIVADO;Int;;;;;;;$15870.11;01/04/26
2 025,2 110;430170 ;SALA DE RECUPERACION HASTA 2 HORAS.;Amb;;;;;;;$21849.79;01/04/26
2 025,2 110;430170 ;SALA DE RECUPERACION HASTA 2 HORAS.;Int;;;;;;;$21849.79;01/04/26
2 210,2 310,2 410,2 450,2 510,6 030,8 260,8 360,8 430;430170 ;SALA DE RECUPERACION HASTA 2 HORAS.;Amb;;;;;;;$21849.79;01/04/26
2 210,2 310,2 410,2 450,2 510,6 030,8 260,8 360,8 430;430170 ;SALA DE RECUPERACION HASTA 2 HORAS.;Int;;;;;;;$21849.79;01/04/26
2 025,2 110;430181 ;MODULO DIA CLINICO HABITACION COMPARTIDA.;Int;;;;;;;$255924.84;01/04/26
2 025,2 110;430185 ;SALA DE RECUPERACION DE 2 A 8 HS.;Amb;;;;;;;$56228.10;01/04/26
2 210,2 310,2 410,2 450,2 510,6 030,8 260,8 360,8 430;430185 ;SALA DE RECUPERACION DE 2 A 8 HS.;Amb;;;;;;;$56228.10;01/04/26
2 210,2 310,2 410,2 450,2 510,6 030,8 260,8 360,8 430;430190 ;MODULO DIA QUIRURGICO HABITACION INDIVIDUAL DIAS SUBSIGUIEN-TES SOLO GASTOS.;Int;;;;;;;$362641.78;01/04/26
2 210,2 310,2 410,2 450,2 510,6 030,8 260,8 360,8 430;430197 ;MODULO DIA CLINICO HABITACION INDIVIDUAL.;Int;;;;;;;$329713.02;01/04/26
2 210,2 310,2 410,2 450,2 510,6 030,8 260,8 360,8 430;430198 ;MODULO DIA QUIRURGICO HABITACION INDIVIDUAL SOLO GASTOS PRI-MER DIA.;Int;;;;;;;$597870.31;01/04/26
2 025,2 110;431464 ;MODULO HOSPITAL DE DIA CLINICO (HASTA 8 HORAS);Amb;;;;;;;$168502.58;01/04/26
2 210,2 310,2 410,2 450,2 510,6 030,8 260,8 360,8 430;431464 ;MODULO HOSPITAL DE DIA CLINICO (HASTA 8 HORAS);Amb;;;;;;;$168502.58;01/04/26
2 025,2 110;431465 ;MODULO HOSPITAL DE DIA CLINICO (HASTA 12 HORAS);Amb;;;;;;;$179692.08;01/04/26
2 210,2 310,2 410,2 450,2 510,6 030,8 260,8 360,8 430;431465 ;MODULO HOSPITAL DE DIA CLINICO (HASTA 12 HORAS);Amb;;;;;;;$179692.08;01/04/26
2 210,2 310,2 410,2 450,2 510,6 030,8 260,8 360,8 430;431486 ;MODULO DIA DE INTERNACION QUIRURGICA ADULTOS/PEDIATRICOS:DIAUNICO.;Int;;;;;;;$662845.46;01/04/26
2 025,2 110;431496 ;MODULO DIA QUIRURGICO-HABITACION COMPARTIDA-DIAS SUBSIGUIEN-TES(SOLO GASTOS).;Int;;;;;;;$297537.39;01/04/26
2 025,2 110;910301 ;DIABOLOS NACIONALES (POR UNIDAD);Ambos;;;;;;;$24042.36;01/04/26
2 210,2 310,2 410,2 450,2 510,6 030,8 260,8 360,8 430;910301 ;DIABOLOS NACIONALES (POR UNIDAD);Ambos;;;;;;;$24042.36;01/04/26
2 025,2 110;910302 ;DIABOLOS IMPORTADOS (POR UNIDAD);Ambos;;;;;;;$23687.05;01/04/26
2 210,2 310,2 410,2 450,2 510,6 030,8 260,8 360,8 430;910302 ;DIABOLOS IMPORTADOS (POR UNIDAD);Ambos;;;;;;;$23687.05;01/04/26
2 025,2 110;910312 ;TUBO EN T.;Ambos;;;;;;;$18375.80;01/04/26
2 210,2 310,2 410,2 450,2 510,6 030,8 260,8 360,8 430;910312 ;TUBO EN T.;Ambos;;;;;;;$18375.80;01/04/26
2 025,2 110;910704 ;STENT - ATC;Int;;;;;;;$45000.00;01/07/21
2 210,2 310,2 410,2 450,2 510,6 030,8 260,8 360,8 430;910704 ;STENT - ATC;Int;;;;;;;$45000.00;01/07/21
2 025,2 110;910778 ;STENT CON DROGA(SIRIUS-TAXUS VI)- CORONARIO -;Int;;;;;;;$45000.00;01/07/21
2 210,2 310,2 410,2 450,2 510,6 030,8 260,8 360,8 430;910778 ;STENT CON DROGA(SIRIUS-TAXUS VI)- CORONARIO -;Int;;;;;;;$45000.00;01/07/21
2 025,2 110;930321 ;ENDOGRAPADORA PARA HERNIA LAPAROSCOPICA(PROTACK).;Ambos;;;;;;;$300689.06;01/04/26
2 210,2 310,2 410,2 450,2 510,6 030,8 260,8 360,8 430;930321 ;ENDOGRAPADORA PARA HERNIA LAPAROSCOPICA(PROTACK).;Ambos;;;;;;;$300689.06;01/04/26
2 025,2 110;930413 ;MODULO USO DE EQUIPO Y MATERIAL DESCARTABLE PARA CIRUGIA TRANSLAPAROSCOPICA (UNILATERAL);Ambos;;;;;;;$27407.55;01/04/26
2 210,2 310,2 410,2 450,2 510,6 030,8 260,8 360,8 430;930413 ;MODULO USO DE EQUIPO Y MATERIAL DESCARTABLE PARA CIRUGIA TRANSLAPAROSCOPICA (UNILATERAL);Ambos;;;;;;;$27407.55;01/04/26
2 025,2 110;930504 ;INYECTOR PARA POLIPECTOMIA ENDOSCOPICA.;Ambos;;;;;;;$105825.95;01/04/26
2 210,2 310,2 410,2 450,2 510,6 030,8 260,8 360,8 430;930504 ;INYECTOR PARA POLIPECTOMIA ENDOSCOPICA.;Ambos;;;;;;;$105825.95;01/04/26
2 025,2 110;930505 ;MODULO SET DE MUCOSECTOMIA.;Ambos;;;;;;;$282992.09;01/04/26
2 210,2 310,2 410,2 450,2 510,6 030,8 260,8 360,8 430;930505 ;MODULO SET DE MUCOSECTOMIA.;Ambos;;;;;;;$282992.09;01/04/26
2 025,2 110;930511 ;ANSA DE RESECCIO ENDOSCOPICA DIGESTIVA (POLIPECTOMIA/MUCOSECTOMIA);Ambos;;;;;;;$28309.72;01/04/26
2 210,2 310,2 410,2 450,2 510,6 030,8 260,8 360,8 430;930511 ;ANSA DE RESECCIO ENDOSCOPICA DIGESTIVA (POLIPECTOMIA/MUCOSECTOMIA);Ambos;;;;;;;$28309.72;01/04/26
